CONTRACT_D,PREVIOUS_S,OPEN_PRICE,HIGH_PRICE,LOW_PRICE,CLOSE_PRIC,SETTLEMENT,NET_CHANGE,OI_NO_CON,TRADED_QUA,TRD_NO_CON,TRADED_VAL
FUTSTKBAJAJFINSV30-JAN-2025,1615.2000000,1614.0500000,1628.0000000,1608.7500000,1619.0500000,1619.0500000,0.2300000,445.0000000,95500.0000000,191.0000000,154762500.0000000
FUTSTKNATIONALUM30-JAN-2025,246.6300000,245.8700000,246.0500000,241.9000000,244.1900000,244.1900000,-0.9800000,177.0000000,412500.0000000,110.0000000,100669500.0000000
FUTSTKPFC28-NOV-2024,484.1000000,487.1500000,495.4500000,481.1500000,491.6500000,491.6500000,1.5500000,7330.0000000,23506600.0000000,18082.0000000,11536504655.0000000
FUTSTKFEDERALBNK30-JAN-2025,215.6300000,215.0000000,216.3300000,213.5000000,214.6300000,214.6300000,-0.4600000,220.0000000,685000.0000000,137.0000000,147138300.0000000
FUTSTKSBIN30-JAN-2025,849.0500000,844.5000000,852.8000000,842.3000000,845.1500000,845.1500000,-0.4500000,2316.0000000,741750.0000000,989.0000000,628692000.0000000
FUTSTKBANKBARODA28-NOV-2024,247.4000000,247.4000000,249.4000000,244.3000000,246.5000000,246.5000000,-0.3600000,12371.0000000,55159650.0000000,18858.0000000,13620187766.2500000
FUTSTKIPCALAB30-JAN-2025,1573.0000000,1573.0000000,1573.0000000,1534.0000000,1542.1000000,1542.1000000,-1.9600000,33.0000000,15600.0000000,24.0000000,24099530.0000000
FUTSTKIOC28-NOV-2024,136.7500000,137.7500000,139.6000000,135.4200000,139.1300000,139.1300000,1.7400000,6540.0000000,54146625.0000000,11107.0000000,7413855003.7500000
FUTSTKDLF26-DEC-2024,831.0500000,828.8000000,833.2500000,821.7500000,828.9000000,828.9000000,-0.2500000,45905.0000000,12270225.0000000,14873.0000000,10151330970.0000000
FUTSTKSHRIRAMFIN28-NOV-2024,3039.8000000,3025.4000000,3062.4000000,3006.3500000,3018.1500000,3018.1500000,-0.7100000,6799.0000000,2615400.0000000,17436.0000000,7911258472.5000000
FUTSTKUNITDSPR30-JAN-2025,1529.4500000,1527.7500000,1545.0000000,1519.9500000,1535.9000000,1535.9000000,0.4200000,209.0000000,48300.0000000,138.0000000,73794000.0000000
FUTSTKIRCTC30-JAN-2025,826.9000000,826.0000000,839.1000000,822.7500000,832.3500000,832.3500000,0.6500000,527.0000000,208250.0000000,238.0000000,173503181.2500000
FUTSTKTATACHEM28-NOV-2024,1096.4500000,1103.3000000,1116.6000000,1086.2000000,1108.0000000,1108.0000000,1.0500000,3104.0000000,2611950.0000000,4749.0000000,2880582842.5000000
FUTSTKCUMMINSIND30-JAN-2025,3500.9500000,3470.1500000,3536.5500000,3462.0000000,3535.2000000,3535.2000000,0.9700000,128.0000000,12150.0000000,81.0000000,42694027.5000000
FUTSTKESCORTS30-JAN-2025,3632.7500000,3639.5000000,3658.0000000,3632.7500000,3635.0000000,3643.4500000,0.2900000,33.0000000,3300.0000000,22.0000000,12014332.5000000
FUTSTKIOC30-JAN-2025,138.3800000,138.7500000,141.2300000,137.1000000,140.7300000,140.7300000,1.6900000,788.0000000,2325375.0000000,477.0000000,322548866.2500000
FUTSTKLTTS30-JAN-2025,5545.0000000,5500.0000000,5520.2500000,5480.2500000,5481.8000000,5481.8000000,-1.1300000,92.0000000,3300.0000000,33.0000000,18165835.0000000
FUTSTKAARTIIND30-JAN-2025,456.8000000,456.8000000,463.3000000,453.8000000,458.4000000,458.4000000,0.3500000,624.0000000,483000.0000000,483.0000000,221058950.0000000
FUTSTKBRITANNIA30-JAN-2025,5069.9500000,5036.6000000,5050.2000000,5003.0500000,5031.6000000,5031.6000000,-0.7500000,459.0000000,13500.0000000,135.0000000,67872685.0000000
FUTSTKLICHSGFIN30-JAN-2025,629.4500000,628.0500000,637.3500000,627.0500000,635.5500000,635.5500000,0.9600000,160.0000000,80000.0000000,80.0000000,50773550.0000000
FUTSTKSHRIRAMFIN30-JAN-2025,3068.3500000,3091.3000000,3091.3000000,3040.4500000,3052.6000000,3052.6000000,-0.5100000,316.0000000,31050.0000000,207.0000000,94893885.0000000
FUTSTKDALBHARAT28-NOV-2024,1825.5500000,1821.3000000,1851.8500000,1803.1000000,1841.0500000,1841.0500000,0.8400000,1645.0000000,1220725.0000000,4439.0000000,2230048590.0000000
FUTSTKHDFCAMC28-NOV-2024,4246.8000000,4237.3500000,4264.8500000,4210.0000000,4246.7000000,4246.7000000,0.0000000,4377.0000000,1095900.0000000,7306.0000000,4648565115.0000000
FUTSTKTVSMOTOR26-DEC-2024,2439.4000000,2439.5500000,2456.0500000,2421.8500000,2449.4000000,2449.4000000,0.4000000,20459.0000000,2963800.0000000,8468.0000000,7238245910.0000000
FUTSTKAPOLLOHOSP30-JAN-2025,7170.9500000,7115.0000000,7150.0000000,7067.9500000,7073.5000000,7073.5000000,-1.3500000,130.0000000,11750.0000000,94.0000000,83371237.5000000
FUTSTKHEROMOTOCO26-DEC-2024,4859.2500000,4846.2000000,4920.9500000,4831.0000000,4899.8000000,4899.8000000,0.8300000,23446.0000000,1249650.0000000,8331.0000000,6103766497.5000000
FUTSTKSHREECEM26-DEC-2024,24805.1000000,24999.0000000,25310.0000000,24602.6000000,25206.4000000,25206.4000000,1.6100000,10473.0000000,144675.0000000,5787.0000000,3602057180.0000000
FUTSTKSBILIFE26-DEC-2024,1514.3500000,1519.0000000,1522.7000000,1503.9000000,1511.8000000,1511.8000000,-0.1600000,24021.0000000,3628500.0000000,9676.0000000,5483477193.7500000
FUTSTKMUTHOOTFIN26-DEC-2024,1962.4000000,1964.8500000,1968.6000000,1928.3500000,1947.1500000,1947.1500000,-0.7700000,15690.0000000,1452825.0000000,5283.0000000,2821793287.5000000
FUTSTKTATASTEEL30-JAN-2025,146.2100000,145.5600000,146.7200000,144.6300000,146.3800000,146.3800000,0.1100000,2323.0000000,2711500.0000000,493.0000000,394971610.0000000
FUTSTKGAIL28-NOV-2024,194.2200000,194.2200000,195.7400000,192.5200000,195.0300000,195.0300000,0.4100000,7140.0000000,37322850.0000000,8158.0000000,7262728823.2500000
FUTSTKLUPIN30-JAN-2025,2063.5000000,2050.0000000,2065.4000000,2027.0000000,2034.8000000,2034.8000000,-1.3900000,252.0000000,53125.0000000,125.0000000,108388621.2500000
FUTSTKGUJGASLTD28-NOV-2024,474.3500000,472.9500000,475.6500000,468.8500000,472.9000000,472.9000000,-0.3000000,1973.0000000,2748750.0000000,2199.0000000,1296849625.0000000
FUTSTKDABUR28-NOV-2024,525.7500000,523.4000000,528.7000000,521.0000000,526.9500000,526.9500000,0.2200000,4741.0000000,5193750.0000000,4155.0000000,2725906375.0000000
FUTSTKCIPLA30-JAN-2025,1510.6000000,1490.0000000,1509.9500000,1486.8500000,1507.0500000,1507.0500000,-0.2300000,185.0000000,45825.0000000,141.0000000,68717821.2500000
FUTSTKBRITANNIA28-NOV-2024,5007.9500000,5038.1000000,5038.1000000,4942.5500000,4973.9000000,4973.9000000,-0.6700000,8004.0000000,748200.0000000,7482.0000000,3716086505.0000000
FUTSTKTATACONSUM28-NOV-2024,965.0500000,960.2500000,964.5000000,953.7500000,961.2500000,961.2500000,-0.3900000,6356.0000000,3316032.0000000,7272.0000000,3179537474.4000000
FUTSTKABB28-NOV-2024,7336.5500000,7343.3000000,7530.5500000,7318.1000000,7488.0000000,7488.0000000,2.0600000,3212.0000000,759625.0000000,6077.0000000,5655592756.2500000
FUTSTKTVSMOTOR30-JAN-2025,2452.5000000,2447.0500000,2466.0000000,2442.0000000,2462.9000000,2469.7000000,0.7000000,60.0000000,7700.0000000,22.0000000,18923590.0000000
FUTSTKDIXON28-NOV-2024,15514.7500000,15587.2500000,15720.0000000,15357.1500000,15637.9500000,15637.9500000,0.7900000,7117.0000000,565700.0000000,11314.0000000,8812736512.5000000
FUTSTKICICIBANK30-JAN-2025,1321.4500000,1320.3000000,1324.8000000,1314.7000000,1318.1000000,1318.1000000,-0.2500000,1467.0000000,746200.0000000,1066.0000000,984885370.0000000
FUTSTKSBIN28-NOV-2024,840.5000000,837.6000000,843.5000000,832.6000000,835.7000000,835.7000000,-0.5700000,41029.0000000,36909750.0000000,49213.0000000,30911856712.5000000
FUTSTKBAJFINANCE30-JAN-2025,6704.4500000,6730.0000000,6818.9500000,6705.0000000,6785.3500000,6785.3500000,1.2000000,1156.0000000,68000.0000000,544.0000000,461060256.2500000
FUTSTKCONCOR30-JAN-2025,810.1500000,810.9000000,823.0000000,809.5500000,819.4000000,819.4000000,1.1400000,498.0000000,245000.0000000,245.0000000,200860900.0000000
FUTSTKMARICO30-JAN-2025,633.7000000,630.9500000,655.0000000,630.0000000,654.2500000,654.2500000,3.2400000,33.0000000,58800.0000000,49.0000000,38134980.0000000
FUTSTKICICIBANK28-NOV-2024,1305.9500000,1304.1500000,1310.0000000,1299.0000000,1302.7000000,1302.7000000,-0.2400000,27531.0000000,29984500.0000000,42835.0000000,39121482050.0000000
FUTSTKULTRACEMCO28-NOV-2024,11131.9500000,11020.5500000,11209.9000000,10965.2500000,11155.3000000,11155.3000000,0.2000000,10192.0000000,1032950.0000000,20659.0000000,11444473735.0000000
FUTSTKMARUTI30-JAN-2025,11081.4500000,11057.8000000,11250.0000000,11025.0000000,11186.8000000,11186.8000000,0.9500000,464.0000000,17050.0000000,341.0000000,190826110.0000000
FUTSTKIEX30-JAN-2025,168.2000000,168.4000000,174.6200000,168.4000000,173.7700000,173.7700000,3.3100000,328.0000000,472500.0000000,126.0000000,81194775.0000000
FUTSTKTECHM30-JAN-2025,1765.8000000,1778.0000000,1789.2500000,1770.0000000,1773.9000000,1773.9000000,0.4500000,666.0000000,85800.0000000,143.0000000,152672130.0000000
FUTSTKALKEM26-DEC-2024,5509.2000000,5559.8500000,5559.8500000,5432.9000000,5479.0500000,5479.0500000,-0.5400000,9757.0000000,502000.0000000,5020.0000000,2744638560.0000000
FUTSTKHINDALCO28-NOV-2024,665.9000000,665.0000000,669.0000000,659.2500000,660.4500000,660.4500000,-0.8100000,6183.0000000,14933800.0000000,10667.0000000,9914146410.0000000
FUTSTKLALPATHLAB28-NOV-2024,3103.6000000,3135.9000000,3136.0000000,3022.4500000,3032.9500000,3032.9500000,-2.2700000,1740.0000000,316650.0000000,2111.0000000,967423695.0000000
FUTSTKNMDC30-JAN-2025,229.6000000,229.6000000,232.0600000,228.3000000,230.6500000,230.6500000,0.4500000,574.0000000,454500.0000000,101.0000000,104680215.0000000
FUTSTKICICIBANK26-DEC-2024,1313.6000000,1312.1500000,1317.2500000,1306.4000000,1309.9500000,1309.9500000,-0.2700000,95075.0000000,32906300.0000000,47009.0000000,43169168805.0000000
FUTSTKBALKRISIND30-JAN-2025,2795.8500000,2765.6500000,2772.0500000,2750.1000000,2760.6500000,2768.9500000,-0.9600000,32.0000000,5100.0000000,17.0000000,14081280.0000000
FUTSTKDLF28-NOV-2024,826.2500000,826.9000000,828.5000000,817.3000000,824.2500000,824.2500000,-0.2400000,7562.0000000,12120075.0000000,14691.0000000,9971303801.2500000
FUTSTKTATASTEEL28-NOV-2024,144.6500000,144.0900000,144.9900000,142.8500000,144.6200000,144.6200000,-0.0200000,13983.0000000,71170000.0000000,12940.0000000,10246828570.0000000
FUTSTKJINDALSTEL26-DEC-2024,896.2500000,896.3000000,899.7000000,877.8000000,893.7500000,893.7500000,-0.2700000,30430.0000000,6543125.0000000,10469.0000000,5848158812.5000000
FUTSTKGODREJCP28-NOV-2024,1238.1500000,1247.9000000,1263.7000000,1239.5000000,1261.2000000,1261.2000000,1.8600000,2868.0000000,3540500.0000000,7081.0000000,4424549775.0000000
FUTSTKPERSISTENT30-JAN-2025,6007.8000000,6015.1500000,6075.0000000,5955.0000000,5958.4000000,5958.4000000,-0.8200000,111.0000000,5500.0000000,55.0000000,33095890.0000000
FUTSTKDALBHARAT26-DEC-2024,1835.5000000,1832.0000000,1861.9500000,1813.8500000,1848.8000000,1848.8000000,0.7200000,9818.0000000,1475925.0000000,5367.0000000,2715200537.5000000
FUTSTKM&MFIN30-JAN-2025,265.5000000,266.0000000,267.4500000,264.6000000,266.8000000,266.8000000,0.4800000,291.0000000,148000.0000000,74.0000000,39344900.0000000
FUTSTKSHREECEM30-JAN-2025,24717.0500000,24592.3500000,25151.1500000,24540.0000000,25040.0000000,25040.0000000,1.3000000,180.0000000,675.0000000,27.0000000,16788757.5000000
FUTSTKNATIONALUM28-NOV-2024,248.8300000,247.2800000,248.4000000,243.2000000,245.6700000,245.6700000,-1.2600000,3824.0000000,23381250.0000000,6235.0000000,5747785725.0000000
FUTSTKKOTAKBANK26-DEC-2024,1792.6500000,1790.2500000,1812.7500000,1789.6000000,1794.8000000,1794.8000000,0.1100000,77610.0000000,12551200.0000000,31378.0000000,22626786860.0000000
FUTSTKGODREJPROP30-JAN-2025,2930.9500000,2882.0000000,2889.9000000,2835.0000000,2866.4000000,2866.4000000,-2.2000000,135.0000000,21825.0000000,97.0000000,62391273.7500000
FUTSTKSAIL26-DEC-2024,116.5900000,116.4900000,117.5800000,115.0700000,116.8300000,116.8300000,0.2000000,28235.0000000,40876000.0000000,10219.0000000,4757849240.0000000
FUTSTKMGL30-JAN-2025,1188.5500000,1170.2000000,1196.0000000,1169.0000000,1191.7500000,1191.7500000,0.2600000,180.0000000,31200.0000000,78.0000000,37008360.0000000
FUTSTKBAJAJFINSV26-DEC-2024,1604.7500000,1614.3500000,1619.1000000,1598.0000000,1608.0000000,1608.0000000,0.2000000,23950.0000000,4701000.0000000,9402.0000000,7563102750.0000000
FUTSTKONGC30-JAN-2025,257.2000000,256.8000000,257.8000000,253.5000000,257.2500000,257.2500000,0.0100000,849.0000000,893200.0000000,464.0000000,228411741.2500000
FUTSTKDRREDDY30-JAN-2025,1226.0000000,1219.7000000,1222.2500000,1213.0000000,1213.9000000,1213.9000000,-0.9800000,128.0000000,50625.0000000,81.0000000,61570125.0000000
FUTSTKINDIGO26-DEC-2024,4247.6500000,4264.3000000,4307.1500000,4196.9000000,4290.0000000,4290.0000000,0.9900000,37912.0000000,1999200.0000000,13328.0000000,8543878897.5000000
FUTSTKINDIAMART28-NOV-2024,2334.8000000,2282.2500000,2379.9000000,2282.2500000,2369.5000000,2369.5000000,1.4800000,1471.0000000,501900.0000000,1673.0000000,1185235830.0000000
FUTSTKHDFCAMC30-JAN-2025,4294.0000000,4267.4000000,4307.4000000,4265.2000000,4298.7500000,4298.7500000,0.1100000,97.0000000,7500.0000000,50.0000000,32170657.5000000
FUTSTKVOLTAS30-JAN-2025,1677.1000000,1668.9500000,1675.5500000,1651.0000000,1670.7500000,1670.7500000,-0.3700000,281.0000000,44700.0000000,149.0000000,74355585.0000000
FUTSTKMRF30-JAN-2025,125701.8500000,125000.0000000,126345.2000000,124703.9500000,125996.8000000,125996.8000000,0.2300000,88.0000000,180.0000000,36.0000000,22580029.7500000
FUTSTKGAIL30-JAN-2025,196.7400000,195.4900000,197.9500000,195.2400000,197.4700000,197.4700000,0.3700000,479.0000000,540500.0000000,230.0000000,106344479.5000000
FUTSTKAUBANK28-NOV-2024,592.9500000,590.7500000,594.6000000,584.5000000,589.2000000,589.2000000,-0.6300000,3421.0000000,8458000.0000000,8458.0000000,4989057250.0000000
FUTSTKGMRINFRA26-DEC-2024,80.5900000,80.7600000,82.5000000,80.3100000,82.3300000,82.3300000,2.1500000,39606.0000000,101390625.0000000,18025.0000000,8281911600.0000000
FUTSTKPVRINOX30-JAN-2025,1496.3500000,1496.3500000,1538.1500000,1481.2000000,1530.4000000,1530.4000000,2.2700000,235.0000000,80586.0000000,198.0000000,121986385.9500000
FUTSTKADANIPORTS26-DEC-2024,1134.0000000,1123.0000000,1235.7000000,1112.2000000,1207.7500000,1207.7500000,6.5000000,63691.0000000,28650400.0000000,71626.0000000,33995016140.0000000
FUTSTKIDFCFIRSTB30-JAN-2025,65.5500000,65.2790090,65.3890090,64.0500000,64.6400000,64.6400000,-1.3800000,2735.0000000,6577500.0000000,877.0000000,425265600.0000000
FUTSTKGODREJCP30-JAN-2025,1254.8000000,1258.0000000,1273.3000000,1254.8000000,1274.0500000,1274.0500000,1.5300000,83.0000000,13500.0000000,27.0000000,17093350.0000000
FUTSTKPETRONET30-JAN-2025,333.2500000,330.6500000,332.3500000,328.0000000,331.8500000,331.8500000,-0.4200000,66.0000000,33000.0000000,22.0000000,10882275.0000000
FUTSTKCANFINHOME30-JAN-2025,823.9500000,821.5000000,825.1000000,812.4500000,824.0000000,824.0000000,0.0000000,64.0000000,43875.0000000,45.0000000,35943375.0000000
FUTSTKAUROPHARMA30-JAN-2025,1243.5000000,1240.0000000,1244.7000000,1235.8500000,1239.3500000,1239.3500000,-0.3300000,112.0000000,14850.0000000,27.0000000,18413175.0000000
FUTSTKPNB30-JAN-2025,106.4600009,106.2700000,106.5000000,105.1900000,105.8200009,105.8200009,-0.6000000,790.0000000,1472000.0000000,184.0000000,155821040.0000000
FUTSTKSIEMENS28-NOV-2024,7256.9500000,7440.0500000,7618.2500000,7304.9000000,7447.6500000,7447.6500000,2.6200000,5418.0000000,1177500.0000000,15700.0000000,8787904282.5000000
FUTSTKCOFORGE26-DEC-2024,8644.3500000,8632.7500000,8769.9500000,8592.3500000,8711.8000000,8711.8000000,0.7800000,26983.0000000,949950.0000000,12666.0000000,8268418642.5000000
FUTIDXNIFTYNXT5027-DEC-2024,70043.1500000,69949.9000000,70603.4500000,69949.9000000,70567.0500000,70567.0500000,0.7400000,649.0000000,3530.0000000,353.0000000,248291641.5000000
FUTSTKMCX26-DEC-2024,6073.4000000,6034.1000000,6173.1500000,6034.1000000,6149.1000000,6149.1000000,1.2400000,12314.0000000,726800.0000000,7268.0000000,4439266070.0000000
FUTSTKGRANULES30-JAN-2025,602.5000000,597.1500000,597.1500000,580.0000000,590.2000000,590.2000000,-2.0400000,74.0000000,83000.0000000,83.0000000,48723250.0000000
FUTSTKTATACHEM26-DEC-2024,1101.2500000,1109.3000000,1122.6500000,1090.6500000,1113.9500000,1113.9500000,1.1500000,10551.0000000,3321450.0000000,6039.0000000,3684085515.0000000
FUTSTKSUNPHARMA26-DEC-2024,1771.5500000,1772.8000000,1779.4000000,1752.0000000,1760.8500000,1760.8500000,-0.6000000,41588.0000000,4764200.0000000,13612.0000000,8402316825.0000000
FUTSTKUPL30-JAN-2025,558.2500000,556.0000000,556.3500000,545.1500000,554.7500000,554.7500000,-0.6200000,279.0000000,196475.0000000,145.0000000,108210706.5000000
FUTSTKLTTS28-NOV-2024,5492.1000000,5467.0000000,5496.1000000,5410.0000000,5428.1500000,5428.1500000,-1.1600000,2013.0000000,342000.0000000,3420.0000000,1864271815.0000000
FUTSTKJUBLFOOD30-JAN-2025,646.8000000,648.0000000,655.0000000,646.2500000,654.0000000,654.0000000,1.1100000,106.0000000,65000.0000000,52.0000000,42302187.5000000
FUTSTKALKEM28-NOV-2024,5478.3000000,5487.3000000,5500.7500000,5404.0500000,5451.7500000,5451.7500000,-0.4800000,5261.0000000,405000.0000000,4050.0000000,2203056475.0000000
FUTSTKAMBUJACEM30-JAN-2025,500.6000000,496.0000000,529.5000000,496.0000000,521.5500000,521.5500000,4.1800000,677.0000000,603900.0000000,671.0000000,311625990.0000000
FUTSTKSRF26-DEC-2024,2245.6500000,2257.5000000,2314.8500000,2233.4000000,2309.6500000,2309.6500000,2.8400000,14764.0000000,3126000.0000000,8336.0000000,7133547543.7500000
FUTSTKBHEL30-JAN-2025,246.5200000,245.1100000,251.0000000,244.4000000,250.5000000,250.5000000,1.6100000,429.0000000,779625.0000000,297.0000000,194257980.0000000
FUTSTKSIEMENS30-JAN-2025,7325.2500000,7500.0000000,7680.1500000,7450.0000000,7529.2000000,7529.2000000,2.7800000,159.0000000,21375.0000000,285.0000000,161702111.2500000
FUTSTKBALKRISIND26-DEC-2024,2777.5000000,2787.5000000,2787.5000000,2723.7000000,2755.1500000,2755.1500000,-0.8000000,4817.0000000,691500.0000000,2305.0000000,1900219455.0000000
FUTSTKCUMMINSIND26-DEC-2024,3480.3500000,3543.0000000,3543.0000000,3440.0000000,3512.2000000,3512.2000000,0.9100000,24775.0000000,1589250.0000000,10595.0000000,5538762795.0000000
FUTSTKRBLBANK30-JAN-2025,159.7800000,159.7500000,161.3500000,158.5100000,160.1500000,160.1500000,0.2300000,496.0000000,267500.0000000,107.0000000,42832800.0000000
FUTSTKGRASIM30-JAN-2025,2646.4500000,2640.8500000,2665.8000000,2625.2500000,2656.7500000,2656.7500000,0.3800000,232.0000000,28750.0000000,115.0000000,76081550.0000000
FUTSTKEXIDEIND30-JAN-2025,431.4000000,433.0500000,451.0000000,433.0500000,449.6500000,449.6500000,4.2300000,274.0000000,477000.0000000,265.0000000,211699530.0000000
FUTSTKJINDALSTEL30-JAN-2025,902.2500000,893.6500000,903.6000000,893.0000000,899.5000000,899.5000000,-0.3000000,119.0000000,36875.0000000,59.0000000,33185406.2500000
FUTSTKRBLBANK28-NOV-2024,158.2000000,158.4100000,159.4100000,156.6800000,158.2900000,158.2900000,0.0500000,3720.0000000,12515000.0000000,5006.0000000,1980961200.0000000
FUTSTKBAJAJ-AUTO30-JAN-2025,9246.8500000,9255.0000000,9355.0000000,9234.5500000,9301.9500000,9301.9500000,0.5900000,572.0000000,19050.0000000,254.0000000,177345682.5000000
FUTSTKCOROMANDEL30-JAN-2025,1782.0000000,1771.1000000,1780.0000000,1768.6500000,1777.5000000,1777.5000000,-0.2500000,12.0000000,1750.0000000,5.0000000,3102610.0000000
FUTSTKABBOTINDIA28-NOV-2024,27466.8500000,27392.0500000,27648.5500000,27137.4000000,27527.4000000,27527.4000000,0.2200000,1145.0000000,30080.0000000,1504.0000000,823979268.0000000
FUTSTKABCAPITAL26-DEC-2024,192.5100000,192.0600000,195.4500000,191.0800000,194.5400000,194.5400000,1.0500000,20105.0000000,24602400.0000000,9112.0000000,4756678020.0000000
FUTSTKDIXON26-DEC-2024,15592.6000000,15671.3500000,15803.7500000,15443.5500000,15720.7000000,15720.7000000,0.8200000,22287.0000000,572850.0000000,11457.0000000,8966108250.0000000
FUTSTKTRENT28-NOV-2024,6673.0000000,6659.0000000,6882.2000000,6634.4500000,6839.0000000,6839.0000000,2.4800000,6525.0000000,1609200.0000000,16092.0000000,10912941920.0000000
FUTSTKINDUSTOWER30-JAN-2025,344.6500000,346.2000000,356.0000000,344.9500000,354.3500000,354.3500000,2.8100000,396.0000000,406300.0000000,239.0000000,142856100.0000000
FUTSTKBANKBARODA30-JAN-2025,250.4500000,250.5000000,252.4000000,247.7000000,249.6000000,249.6000000,-0.3300000,666.0000000,532350.0000000,182.0000000,133076677.5000000
FUTSTKHAL26-DEC-2024,4381.5500000,4381.7000000,4508.0000000,4371.1500000,4494.6000000,4494.6000000,2.5800000,58522.0000000,4459350.0000000,29729.0000000,19923075795.0000000
FUTSTKDRREDDY28-NOV-2024,1211.4000000,1210.9000000,1211.4000000,1199.0000000,1201.3000000,1201.3000000,-0.8300000,2506.0000000,3442500.0000000,5508.0000000,4144835125.0000000
FUTSTKDALBHARAT30-JAN-2025,1845.0000000,1827.0000000,1861.3500000,1821.4000000,1858.1500000,1858.1500000,0.7100000,53.0000000,3575.0000000,13.0000000,6599835.0000000
FUTSTKAMBUJACEM26-DEC-2024,497.1500000,495.4500000,526.8000000,492.1500000,517.9500000,517.9500000,4.1800000,36591.0000000,23633100.0000000,26259.0000000,12104150040.0000000
FUTSTKBEL30-JAN-2025,301.6500000,302.0000000,311.1000000,301.6000000,310.4500000,310.4500000,2.9100000,1026.0000000,2644800.0000000,928.0000000,816790050.0000000
FUTSTKLT28-NOV-2024,3705.4500000,3708.3000000,3720.0000000,3688.6000000,3702.4000000,3702.4000000,-0.0800000,21658.0000000,4885200.0000000,32568.0000000,18092036625.0000000
FUTSTKHCLTECH26-DEC-2024,1909.9000000,1903.0000000,1928.5500000,1899.0000000,1903.6000000,1903.6000000,-0.3200000,28722.0000000,4631200.0000000,13232.0000000,8866977612.5000000
FUTSTKLT26-DEC-2024,3726.8500000,3729.0500000,3742.0000000,3710.0000000,3723.4500000,3723.4500000,-0.0900000,89445.0000000,5189550.0000000,34597.0000000,19328508480.0000000
FUTSTKKOTAKBANK30-JAN-2025,1803.2500000,1809.0000000,1824.1000000,1804.7000000,1806.4500000,1806.4500000,0.1700000,1005.0000000,166400.0000000,416.0000000,301987440.0000000
FUTSTKATUL30-JAN-2025,7471.1000000,7461.9500000,7461.9500000,7420.1500000,7459.4000000,7459.4000000,-0.1500000,126.0000000,1300.0000000,13.0000000,9678535.0000000
FUTSTKNAVINFLUOR30-JAN-2025,3493.6500000,3464.6000000,3548.8500000,3464.6000000,3540.7000000,3540.7000000,1.3400000,57.0000000,4375.0000000,25.0000000,15413641.2500000
FUTSTKBPCL30-JAN-2025,297.4500000,305.0500000,305.0500000,294.1000000,297.3000000,297.3000000,-0.0500000,446.0000000,469800.0000000,261.0000000,139218390.0000000
FUTIDXNIFTY30-JAN-2025,24520.3500000,24520.0000000,24680.0000000,24462.7500000,24603.5000000,24603.5000000,0.3300000,33679.0000000,261650.0000000,10466.0000000,6430156788.7500000
FUTSTKUBL26-DEC-2024,1907.0000000,1905.9500000,1937.0500000,1887.0000000,1921.8500000,1921.8500000,0.7700000,3506.0000000,1027600.0000000,2569.0000000,1965367460.0000000
FUTSTKINDIGO30-JAN-2025,4274.1000000,4245.0000000,4333.5000000,4231.9000000,4312.8000000,4312.8000000,0.9000000,954.0000000,47100.0000000,314.0000000,202786822.5000000
FUTSTKVEDL26-DEC-2024,450.9000000,450.9000000,453.0000000,446.0500000,448.8000000,448.8000000,-0.4600000,75038.0000000,35209550.0000000,30617.0000000,15796803937.5000000
FUTSTKCUB30-JAN-2025,181.6300000,183.0000000,183.4000000,179.8800000,180.4100000,180.4100000,-0.6700000,58.0000000,75000.0000000,15.0000000,13555850.0000000
FUTSTKADANIENT30-JAN-2025,2172.5000000,2188.9000000,2445.9000000,2169.9500000,2428.0500000,2428.0500000,11.7600000,767.0000000,365100.0000000,1217.0000000,856738575.0000000
FUTSTKJINDALSTEL28-NOV-2024,891.3000000,887.4500000,894.9500000,880.4000000,888.6500000,888.6500000,-0.2900000,4997.0000000,6325625.0000000,10121.0000000,5623040468.7500000
FUTSTKHDFCBANK26-DEC-2024,1796.4000000,1802.0500000,1827.0000000,1796.3000000,1822.5500000,1822.5500000,1.4500000,233955.0000000,44997150.0000000,81813.0000000,81404329600.0000000
FUTSTKBERGEPAINT30-JAN-2025,491.3500000,491.0000000,496.0000000,489.5000000,495.3000000,495.3000000,0.8000000,162.0000000,64680.0000000,49.0000000,31892850.0000000
FUTSTKGMRINFRA30-JAN-2025,81.1300000,81.0000000,83.0000000,80.9100000,82.9100000,82.9100000,2.1900000,622.0000000,1473750.0000000,262.0000000,121193100.0000000
FUTSTKCOALINDIA30-JAN-2025,415.9500000,422.0000000,425.6000000,417.4500000,422.7000000,422.7000000,1.6200000,1154.0000000,576450.0000000,549.0000000,243059880.0000000
FUTSTKLICHSGFIN28-NOV-2024,622.3000000,623.1000000,629.6000000,619.0500000,627.6000000,627.6000000,0.8500000,5846.0000000,8838000.0000000,8838.0000000,5536282250.0000000
FUTSTKICICIGI30-JAN-2025,1876.0500000,1872.6500000,1889.1000000,1861.2000000,1883.4500000,1883.4500000,0.3900000,113.0000000,7000.0000000,28.0000000,13116187.5000000
FUTSTKLTF30-JAN-2025,142.2800000,142.9700000,143.0000000,141.0000000,142.4500000,142.4500000,0.1100000,286.0000000,348036.0000000,78.0000000,49452926.0600000
FUTSTKPOWERGRID30-JAN-2025,342.2500000,341.3000000,345.5500000,341.3000000,342.7500000,342.7500000,0.1400000,259.0000000,340200.0000000,189.0000000,116819370.0000000
FUTSTKCHOLAFIN28-NOV-2024,1266.1000000,1269.4000000,1290.0000000,1259.4000000,1277.5000000,1277.5000000,0.9000000,1476.0000000,3424375.0000000,5479.0000000,4378963562.5000000
FUTSTKRECLTD26-DEC-2024,522.3000000,524.3500000,531.6000000,521.0000000,528.8000000,528.8000000,1.2400000,41651.0000000,21546000.0000000,21546.0000000,11370832900.0000000
FUTSTKHDFCBANK30-JAN-2025,1809.4500000,1809.1000000,1838.5000000,1808.0000000,1834.0500000,1834.0500000,1.3500000,5307.0000000,984500.0000000,1790.0000000,1792730940.0000000
FUTSTKBPCL26-DEC-2024,295.5500000,297.8000000,298.2000000,292.1500000,295.3500000,295.3500000,-0.0600000,25227.0000000,22959000.0000000,12755.0000000,6758874450.0000000
FUTSTKHINDALCO30-JAN-2025,673.3500000,675.0000000,675.0000000,667.5000000,667.9000000,667.9000000,-0.8000000,598.0000000,218400.0000000,156.0000000,146492990.0000000
FUTSTKIEX28-NOV-2024,166.1100000,166.0000000,172.8300000,165.9300000,171.6200000,171.6200000,3.3100000,4232.0000000,17422500.0000000,4646.0000000,2953744200.0000000
FUTSTKBATAINDIA30-JAN-2025,1357.0500000,1356.7000000,1368.1500000,1350.4000000,1362.6500000,1362.6500000,0.4100000,482.0000000,35625.0000000,95.0000000,48405618.7500000
FUTSTKIGL26-DEC-2024,322.1500000,323.8000000,325.0000000,319.1000000,321.4500000,321.4500000,-0.2100000,8792.0000000,8508500.0000000,6188.0000000,2735638056.2500000
FUTSTKGRASIM28-NOV-2024,2616.1000000,2599.9000000,2636.0000000,2596.5000000,2623.6500000,2623.6500000,0.2800000,6151.0000000,2019000.0000000,8076.0000000,5275550625.0000000
FUTSTKPERSISTENT28-NOV-2024,5967.7500000,6001.0000000,6041.6000000,5901.1000000,5915.6000000,5915.6000000,-0.8700000,2623.0000000,510000.0000000,5100.0000000,3047916360.0000000
FUTSTKCOLPAL30-JAN-2025,2979.5500000,2964.0000000,3055.0000000,2955.7500000,3050.1000000,3050.1000000,2.3600000,173.0000000,29575.0000000,169.0000000,89130711.2500000
FUTSTKCROMPTON26-DEC-2024,410.2000000,408.9500000,412.1000000,404.5000000,410.7000000,410.7000000,0.1200000,13669.0000000,7574400.0000000,4208.0000000,3087981720.0000000
FUTSTKBANDHANBNK30-JAN-2025,172.4300000,172.1000000,173.7100000,171.6900000,173.4700000,173.4700000,0.6000000,1043.0000000,585200.0000000,209.0000000,101297196.0000000
FUTSTKHEROMOTOCO30-JAN-2025,4890.8500000,4867.0000000,4948.3000000,4864.0000000,4929.2000000,4929.2000000,0.7800000,321.0000000,17550.0000000,117.0000000,86215050.0000000
FUTSTKMFSL30-JAN-2025,1185.5500000,1190.0000000,1206.8500000,1190.0000000,1188.9500000,1188.9500000,0.2800000,16.0000000,17600.0000000,22.0000000,21075880.0000000
FUTSTKHINDUNILVR30-JAN-2025,2513.9500000,2498.0000000,2521.2500000,2491.0500000,2519.9000000,2519.9000000,0.2300000,791.0000000,83700.0000000,279.0000000,209768490.0000000
FUTSTKICICIPRULI30-JAN-2025,696.9500000,689.3500000,692.7500000,688.3500000,690.1500000,690.1500000,-0.9700000,59.0000000,12000.0000000,16.0000000,8277525.0000000
FUTSTKDLF30-JAN-2025,835.9000000,835.3500000,838.4500000,828.0000000,834.7500000,834.7500000,-0.1300000,513.0000000,82500.0000000,100.0000000,68718086.2500000
FUTSTKRECLTD30-JAN-2025,525.5000000,525.5000000,534.5000000,525.0000000,532.1000000,532.1000000,1.2500000,820.0000000,356000.0000000,356.0000000,188964650.0000000
FUTSTKASHOKLEY30-JAN-2025,231.8300000,231.8300000,235.5300000,231.8300000,234.4300000,234.4300000,1.1200000,570.0000000,690000.0000000,276.0000000,161608925.0000000
FUTSTKDIXON30-JAN-2025,15694.3500000,15740.8500000,15873.0500000,15550.0000000,15803.2500000,15803.2500000,0.6900000,482.0000000,13200.0000000,264.0000000,207519650.0000000
FUTSTKOFSS30-JAN-2025,11880.6500000,11890.0000000,12023.3000000,11875.0000000,11947.5500000,11947.5500000,0.5600000,166.0000000,2200.0000000,44.0000000,26208482.5000000
FUTSTKWIPRO30-JAN-2025,592.6000000,595.3500000,599.5500000,587.9500000,588.5000000,588.5000000,-0.6900000,255.0000000,288000.0000000,192.0000000,170626950.0000000
FUTSTKEICHERMOT30-JAN-2025,4980.3500000,4976.5000000,5005.8500000,4952.1000000,4979.3500000,4979.3500000,-0.0200000,142.0000000,11025.0000000,63.0000000,54832128.7500000
FUTSTKTRENT30-JAN-2025,6743.4000000,6743.4500000,6957.9000000,6718.3000000,6919.7000000,6919.7000000,2.6100000,930.0000000,48000.0000000,480.0000000,330159745.0000000
FUTSTKLALPATHLAB30-JAN-2025,3117.0000000,3100.2500000,3100.2500000,3050.4000000,3064.2000000,3064.2000000,-1.6900000,28.0000000,2250.0000000,15.0000000,6925537.5000000
FUTSTKLTF26-DEC-2024,141.4700000,143.0000000,143.0000000,140.0600000,141.6200000,141.6200000,0.1000000,13612.0000000,27329750.0000000,6125.0000000,3861931454.9800000
FUTSTKLTF28-NOV-2024,140.9300000,141.8900000,142.0000000,139.3700000,141.0000000,141.0000000,0.0400000,3845.0000000,21738864.0000000,4872.0000000,3058870689.8600000
FUTSTKGNFC30-JAN-2025,600.2000000,600.0500000,610.9000000,598.0000000,606.8500000,606.8500000,1.1000000,88.0000000,72800.0000000,56.0000000,43999670.0000000
FUTSTKCOLPAL26-DEC-2024,2961.8500000,2965.9500000,3038.3500000,2937.1000000,3031.0000000,3031.0000000,2.3300000,21388.0000000,2146375.0000000,12265.0000000,6439479252.5000000
FUTSTKCHOLAFIN30-JAN-2025,1280.4000000,1285.0000000,1302.0000000,1273.6000000,1292.9000000,1292.9000000,0.9700000,123.0000000,41875.0000000,67.0000000,54186812.5000000
FUTSTKBANDHANBNK26-DEC-2024,171.2400000,171.6900000,172.6300000,170.3000000,172.2800000,172.2800000,0.6000000,32016.0000000,17514000.0000000,6255.0000000,3011448608.0000000
FUTSTKAXISBANK30-JAN-2025,1156.4500000,1153.5500000,1169.8500000,1148.2000000,1164.0500000,1164.0500000,0.6500000,548.0000000,288125.0000000,461.0000000,335141656.2500000
FUTIDXNIFTY26-DEC-2024,24356.9000000,24349.9000000,24524.0000000,24297.8500000,24437.5500000,24437.5500000,0.3300000,280532.0000000,4657625.0000000,186305.0000000,113714621961.2500000
FUTIDXFINNIFTY31-DEC-2024,24197.4500000,24197.4500000,24344.3000000,24152.0500000,24317.5500000,24317.5500000,0.4900000,1475.0000000,23925.0000000,957.0000000,580106581.2500000
FUTSTKICICIGI26-DEC-2024,1862.6000000,1862.6000000,1880.3500000,1841.9500000,1872.6500000,1872.6500000,0.5300000,22428.0000000,2376000.0000000,9504.0000000,4420597337.5000000
FUTSTKBOSCHLTD30-JAN-2025,35411.3500000,35211.0000000,35309.9500000,35100.0000000,35309.9000000,35304.5500000,-0.3000000,44.0000000,475.0000000,19.0000000,16748720.0000000
FUTSTKMUTHOOTFIN28-NOV-2024,1950.4000000,1953.4500000,1958.2500000,1918.5000000,1935.7000000,1935.7000000,-0.7500000,2142.0000000,1342000.0000000,4880.0000000,2591591915.0000000
FUTSTKSUNTV28-NOV-2024,750.3000000,749.5000000,762.0000000,739.6000000,753.9500000,753.9500000,0.4800000,1336.0000000,2871750.0000000,3829.0000000,2164234125.0000000
FUTSTKINDUSINDBK30-JAN-2025,1022.3000000,1016.0000000,1023.0500000,1006.0000000,1015.7000000,1015.7000000,-0.6400000,1791.0000000,262000.0000000,524.0000000,265791975.0000000
FUTSTKTATAMOTORS28-NOV-2024,783.7000000,785.9000000,792.5000000,778.5000000,784.7000000,784.7000000,0.1200000,43855.0000000,26267450.0000000,47759.0000000,20634991877.5000000
FUTSTKSYNGENE26-DEC-2024,916.6000000,916.6000000,936.1000000,912.9500000,922.6000000,922.6000000,0.6500000,6013.0000000,4960000.0000000,4960.0000000,4585017000.0000000
FUTSTKPOLYCAB30-JAN-2025,6946.9500000,6990.0000000,7160.7000000,6985.8500000,7113.3500000,7113.3500000,2.3900000,118.0000000,8375.0000000,67.0000000,59459881.2500000
FUTIDXNIFTYNXT5031-JAN-2025,70375.9500000,70484.7000000,70700.0000000,70484.7000000,70700.0000000,71034.2000000,0.9300000,65.0000000,40.0000000,4.0000000,2823694.0000000
FUTSTKASHOKLEY28-NOV-2024,231.5000000,231.7200000,235.7000000,231.3200000,234.8200000,234.8000000,1.4200000,8982.0000000,21757500.0000000,8703.0000000,5097204475.0000000
FUTIDXFINNIFTY25-FEB-2025,,0.0000000,0.0000000,0.0000000,,24577.2500000,0.0000000,0.0000000,0.0000000,0.0000000,0.0000000
FUTSTKBEL28-NOV-2024,298.3000000,298.6000000,307.6500000,298.0500000,306.9500000,306.9500000,2.8900000,8462.0000000,50772750.0000000,17815.0000000,15485037240.0000000
FUTSTKMUTHOOTFIN30-JAN-2025,1970.2500000,1970.2500000,1970.2500000,1939.3000000,1957.6500000,1957.6500000,-0.6300000,95.0000000,26400.0000000,96.0000000,51497531.2500000
FUTSTKSBIN26-DEC-2024,844.6500000,844.1000000,848.0500000,837.1000000,839.5500000,839.5500000,-0.6000000,109575.0000000,41763750.0000000,55685.0000000,35153806762.5000000
FUTSTKGNFC28-NOV-2024,593.0500000,593.3500000,604.0500000,587.9500000,599.6000000,599.6000000,1.1000000,1358.0000000,5114200.0000000,3934.0000000,3058106025.0000000
FUTSTKIPCALAB26-DEC-2024,1571.5500000,1577.5000000,1577.5000000,1527.6500000,1537.1500000,1537.1500000,-2.1800000,2919.0000000,1532050.0000000,2357.0000000,2368491905.0000000
FUTSTKMETROPOLIS28-NOV-2024,2159.2000000,2166.5000000,2175.5000000,2138.0000000,2167.4000000,2167.4000000,0.3700000,464.0000000,652800.0000000,1632.0000000,1406975300.0000000
FUTSTKTATACOMM28-NOV-2024,1766.7500000,1762.2500000,1775.7500000,1744.7000000,1764.9500000,1764.9500000,-0.1000000,4347.0000000,2862250.0000000,11449.0000000,5055954025.0000000
FUTSTKASIANPAINT28-NOV-2024,2511.2000000,2511.1500000,2518.7000000,2483.1500000,2492.7000000,2492.7000000,-0.7300000,10253.0000000,3066600.0000000,15333.0000000,7647971490.0000000
FUTSTKCHAMBLFERT30-JAN-2025,484.0000000,484.0000000,496.0000000,479.5500000,494.9500000,494.9500000,2.2600000,80.0000000,85500.0000000,45.0000000,42056120.0000000
FUTSTKTATACOMM30-JAN-2025,1789.0000000,1780.3000000,1795.5500000,1776.0000000,1788.4500000,1788.4500000,-0.0300000,167.0000000,12000.0000000,48.0000000,21435725.0000000
FUTSTKHCLTECH30-JAN-2025,1910.2500000,1910.2500000,1926.5000000,1904.0000000,1904.8000000,1904.8000000,-0.2800000,285.0000000,70700.0000000,202.0000000,135416592.5000000
FUTSTKABB26-DEC-2024,7377.3000000,7424.8000000,7565.9000000,7351.9500000,7527.6500000,7527.6500000,2.0300000,10099.0000000,947875.0000000,7583.0000000,7094572706.2500000
FUTSTKCOALINDIA26-DEC-2024,413.2500000,420.1500000,423.0000000,414.5000000,419.8500000,419.8500000,1.5900000,44669.0000000,29134350.0000000,27747.0000000,12214291057.5000000
FUTSTKBSOFT30-JAN-2025,599.8500000,603.5000000,610.0000000,601.5000000,608.3000000,608.3000000,1.4000000,294.0000000,220000.0000000,220.0000000,133414800.0000000
FUTSTKBHARATFORG30-JAN-2025,1338.6500000,1337.1500000,1347.1500000,1331.5500000,1341.9000000,1341.9000000,0.2400000,160.0000000,37000.0000000,74.0000000,49581100.0000000
FUTSTKGLENMARK28-NOV-2024,1518.4500000,1518.0500000,1527.8500000,1505.1500000,1519.9500000,1519.9500000,0.0900000,2117.0000000,1383300.0000000,1908.0000000,2097906255.0000000
FUTSTKCOFORGE28-NOV-2024,8590.7000000,8628.0000000,8712.6000000,8547.7500000,8656.0500000,8656.0500000,0.7600000,10949.0000000,811575.0000000,10821.0000000,7018803142.5000000
FUTSTKHINDPETRO28-NOV-2024,378.7500000,383.9500000,386.4500000,376.0000000,380.6000000,380.6000000,0.4800000,4740.0000000,17331975.0000000,8559.0000000,6583863870.0000000
FUTSTKBHEL28-NOV-2024,243.4500000,242.8500000,248.5000000,241.3500000,247.1700000,247.1500000,1.5100000,8045.0000000,35122500.0000000,13380.0000000,8630898911.2500000
FUTSTKHAVELLS26-DEC-2024,1722.0000000,1705.1000000,1740.0000000,1705.1000000,1737.0000000,1737.0000000,0.8700000,16801.0000000,3869000.0000000,7738.0000000,6677652225.0000000
FUTSTKHAL28-NOV-2024,4357.8000000,4350.3000000,4481.9000000,4349.0000000,4468.2000000,4468.2000000,2.5300000,14153.0000000,4324350.0000000,28829.0000000,19209140925.0000000
FUTSTKABCAPITAL30-JAN-2025,193.8909009,193.4400000,196.3700000,192.5900000,195.8300000,195.8300000,1.0000000,302.0000000,202500.0000000,75.0000000,39489741.0000000
FUTSTKSAIL30-JAN-2025,117.2600000,116.7900000,118.2500000,116.0000000,117.7200000,117.7200000,0.3900000,1374.0000000,800000.0000000,200.0000000,93678840.0000000
FUTSTKESCORTS26-DEC-2024,3627.9000000,3630.0500000,3641.6000000,3591.0500000,3607.3000000,3607.3000000,-0.5600000,2989.0000000,547250.0000000,1990.0000000,1979891430.0000000
FUTSTKITC28-NOV-2024,477.1500000,478.3000000,478.9000000,472.8500000,477.0000000,477.0000000,-0.0300000,17305.0000000,34388800.0000000,21493.0000000,16345261040.0000000
FUTSTKGAIL26-DEC-2024,195.2500000,195.2500000,196.7400000,193.6709009,195.9300000,195.9300000,0.3400000,16446.0000000,40269150.0000000,8802.0000000,7874883999.0000000
FUTSTKMCX30-JAN-2025,6101.5000000,6118.6000000,6185.0000000,6075.5500000,6171.6500000,6171.6500000,1.1400000,123.0000000,8200.0000000,82.0000000,50384500.0000000
FUTSTKCHAMBLFERT26-DEC-2024,482.1500000,482.0000000,493.8500000,476.5500000,492.0500000,492.0500000,2.0500000,4027.0000000,3750600.0000000,1974.0000000,1826909090.0000000
FUTSTKABBOTINDIA30-JAN-2025,27792.9000000,27700.0000000,27888.3000000,27500.0000000,27856.3500000,27856.3500000,0.2200000,23.0000000,260.0000000,13.0000000,7200156.0000000
FUTSTKTVSMOTOR28-NOV-2024,2424.2500000,2435.0500000,2439.7500000,2407.6000000,2433.8000000,2433.8000000,0.3900000,4444.0000000,2584750.0000000,7385.0000000,6275406777.5000000
FUTSTKIDEA30-JAN-2025,7.6100000,7.7100000,8.5700000,7.6200000,8.4400000,8.4400000,10.9000000,2453.0000000,42160000.0000000,1054.0000000,340070000.0000000
FUTSTKM&M30-JAN-2025,3018.1000000,3058.9500000,3097.1000000,3017.0000000,3037.4500000,3037.4500000,0.6400000,820.0000000,100100.0000000,572.0000000,305349581.2500000
FUTSTKPFC30-JAN-2025,489.7500000,491.5500000,501.0000000,487.3000000,497.6000000,497.6000000,1.6000000,633.0000000,430300.0000000,331.0000000,213583825.0000000
FUTSTKJSWSTEEL28-NOV-2024,965.8500000,964.5000000,976.4000000,956.5000000,971.4500000,971.4500000,0.5700000,12891.0000000,9118575.0000000,13509.0000000,8817898410.0000000
FUTSTKZYDUSLIFE30-JAN-2025,963.9000000,969.1000000,969.1000000,959.4500000,960.9500000,960.9500000,-0.3000000,171.0000000,37800.0000000,42.0000000,36416700.0000000
FUTSTKPEL26-DEC-2024,1205.5000000,1190.1000000,1230.9500000,1190.1000000,1197.0000000,1197.0000000,-0.7000000,13285.0000000,6263250.0000000,8351.0000000,7556876887.5000000
FUTSTKVEDL28-NOV-2024,448.9500000,448.0000000,450.7500000,443.6000000,446.4000000,446.4000000,-0.5600000,22697.0000000,34322900.0000000,29846.0000000,15315834377.5000000
FUTSTKMANAPPURAM30-JAN-2025,157.4500000,157.0000000,157.7300000,155.3600000,157.1800000,157.1800000,-0.1700000,249.0000000,168000.0000000,56.0000000,26312850.0000000
FUTSTKADANIPORTS30-JAN-2025,1140.6500000,1125.2000000,1242.3500000,1125.2000000,1215.2000000,1215.2000000,6.5300000,1377.0000000,799600.0000000,1999.0000000,955472680.0000000
FUTSTKUNITDSPR26-DEC-2024,1520.9500000,1531.8500000,1537.5500000,1509.5000000,1525.7000000,1525.7000000,0.3100000,25076.0000000,5001500.0000000,14290.0000000,7593216645.0000000
FUTSTKRAMCOCEM30-JAN-2025,968.0000000,971.0000000,998.0000000,971.0000000,988.7000000,988.7000000,2.1300000,45.0000000,28050.0000000,33.0000000,27667245.0000000
FUTSTKHAVELLS28-NOV-2024,1713.2000000,1708.3000000,1730.9500000,1696.7000000,1727.3500000,1727.3500000,0.8200000,2926.0000000,3877000.0000000,7754.0000000,6654147100.0000000
FUTSTKCUB28-NOV-2024,179.2300000,179.7000000,181.7600000,177.2500000,178.2000000,178.2000000,-0.5700000,1312.0000000,11060000.0000000,2212.0000000,1976335300.0000000
FUTSTKINDHOTEL30-JAN-2025,806.1000000,802.5500000,804.7500000,797.0000000,799.1500000,799.1500000,-0.8600000,303.0000000,107000.0000000,107.0000000,85733500.0000000
FUTSTKHAVELLS30-JAN-2025,1733.0000000,1726.0000000,1748.9500000,1726.0000000,1745.9500000,1745.9500000,0.7400000,62.0000000,17000.0000000,34.0000000,29587900.0000000
FUTSTKABCAPITAL28-NOV-2024,191.4100000,191.5200000,194.3500000,190.0500000,193.4400000,193.4400000,1.0600000,5623.0000000,22315500.0000000,8265.0000000,4287903021.0000000
FUTSTKIGL30-JAN-2025,323.4000000,322.5000000,326.2000000,320.7000000,323.4500000,323.4500000,0.0100000,673.0000000,345125.0000000,251.0000000,111292500.0000000
FUTSTKAARTIIND28-NOV-2024,452.3500000,452.5500000,458.5500000,447.6500000,453.0000000,453.0000000,0.1400000,5859.0000000,11233000.0000000,11233.0000000,5077260200.0000000
FUTSTKCANBK26-DEC-2024,102.3400000,102.2700000,103.1500000,101.2000000,102.0900000,102.0900000,-0.2400000,32511.0000000,88134750.0000000,13057.0000000,9012076470.0000000
FUTSTKPERSISTENT26-DEC-2024,5998.0500000,6025.0000000,6074.4000000,5939.0500000,5949.5500000,5949.5500000,-0.8000000,15087.0000000,701300.0000000,7013.0000000,4210129275.0000000
FUTSTKABFRL30-JAN-2025,310.5500000,310.8000000,315.4000000,310.8000000,313.2500000,313.2500000,0.8600000,95.0000000,104000.0000000,40.0000000,32578910.0000000
FUTSTKBOSCHLTD28-NOV-2024,35056.5000000,35145.7500000,35268.8000000,34810.0500000,34979.6000000,34979.6000000,-0.2100000,1976.0000000,94725.0000000,3789.0000000,3317141221.2500000
FUTSTKLTIM30-JAN-2025,6294.1000000,6293.3000000,6376.0000000,6275.4000000,6321.7500000,6321.7500000,0.4300000,357.0000000,43800.0000000,292.0000000,277126395.0000000
FUTSTKTATACHEM30-JAN-2025,1106.4000000,1099.0000000,1125.0000000,1099.0000000,1119.0000000,1119.0000000,1.1300000,165.0000000,47300.0000000,86.0000000,52772802.5000000
FUTSTKPAGEIND30-JAN-2025,46037.4000000,45555.3000000,45609.4000000,45260.0000000,45403.0000000,45403.0000000,-1.3700000,38.0000000,300.0000000,20.0000000,13626330.7500000
FUTSTKCROMPTON30-JAN-2025,412.7500000,409.1000000,413.6000000,408.0000000,413.0500000,413.0500000,0.0700000,45.0000000,45000.0000000,25.0000000,18490050.0000000
FUTSTKTATACONSUM30-JAN-2025,976.8500000,968.7500000,975.8000000,965.7500000,972.9000000,972.9000000,-0.4000000,340.0000000,73416.0000000,161.0000000,71262699.6000000
FUTSTKITC30-JAN-2025,480.3500000,478.9500000,481.8000000,476.2000000,480.3000000,480.3000000,-0.0100000,1001.0000000,1649600.0000000,1031.0000000,790082240.0000000
FUTSTKRELIANCE30-JAN-2025,1310.6000000,1310.0000000,1319.0000000,1302.8000000,1310.9000000,1310.9000000,0.0200000,10222.0000000,1307000.0000000,2614.0000000,1713650850.0000000
FUTSTKASTRAL30-JAN-2025,1822.9500000,1813.4000000,1823.9500000,1807.2000000,1813.9000000,1813.9000000,-0.4900000,228.0000000,31562.0000000,86.0000000,57271799.6500000
FUTSTKSRF30-JAN-2025,2259.6500000,2251.0000000,2326.0000000,2251.0000000,2322.3500000,2322.3500000,2.7700000,126.0000000,26250.0000000,70.0000000,60457706.2500000
FUTSTKTATAPOWER26-DEC-2024,411.7000000,413.7000000,420.4500000,411.1000000,419.6000000,419.6000000,1.9100000,46975.0000000,21747150.0000000,16109.0000000,9061985362.5000000
FUTSTKABBOTINDIA26-DEC-2024,27623.3500000,27741.6000000,27799.9500000,27302.0500000,27674.1500000,27674.1500000,0.1800000,4172.0000000,38720.0000000,1936.0000000,1066698438.0000000
FUTSTKINFY30-JAN-2025,1946.4000000,1958.0000000,1966.2500000,1938.2500000,1950.9000000,1950.9000000,0.2300000,1031.0000000,214400.0000000,536.0000000,418235000.0000000
FUTSTKGNFC26-DEC-2024,596.6500000,598.2500000,608.0000000,591.7500000,603.0500000,603.0500000,1.0700000,2599.0000000,5158400.0000000,3968.0000000,3100851000.0000000
FUTSTKBAJAJ-AUTO26-DEC-2024,9184.8000000,9198.1500000,9304.7500000,9161.0000000,9245.2000000,9245.2000000,0.6500000,31829.0000000,1095600.0000000,14608.0000000,10139499191.2500000
FUTSTKPEL30-JAN-2025,1207.7000000,1207.7000000,1231.0000000,1198.2000000,1203.0500000,1203.0500000,-0.3800000,84.0000000,36000.0000000,48.0000000,43667587.5000000
FUTSTKPIDILITIND30-JAN-2025,3050.0000000,3030.0000000,3104.3500000,3030.0000000,3079.9000000,3079.9000000,0.9800000,39.0000000,4750.0000000,19.0000000,14638662.5000000
FUTSTKGUJGASLTD30-JAN-2025,477.2500000,475.0000000,478.0500000,472.0000000,476.7500000,476.7500000,-0.1000000,169.0000000,102500.0000000,82.0000000,48655875.0000000
FUTSTKBPCL28-NOV-2024,293.9000000,296.3500000,296.3500000,290.5500000,293.7000000,293.7000000,-0.0600000,14008.0000000,21621600.0000000,12012.0000000,6329461050.0000000
FUTSTKMOTHERSON28-NOV-2024,166.1000000,165.9900000,166.1000000,162.1900000,163.7300000,163.7300000,-1.4200000,10677.0000000,33441000.0000000,9420.0000000,5468503638.0000000
FUTSTKJKCEMENT30-JAN-2025,4223.0000000,4230.0000000,4271.4000000,4210.4500000,4253.4000000,4253.4000000,0.7100000,71.0000000,2625.0000000,21.0000000,11134550.0000000
FUTSTKTCS30-JAN-2025,4377.2000000,4389.9000000,4405.0000000,4363.0500000,4373.9000000,4373.9000000,-0.0700000,660.0000000,74200.0000000,424.0000000,325389487.5000000
FUTSTKSBILIFE30-JAN-2025,1523.6000000,1513.0500000,1526.5000000,1513.0500000,1522.5500000,1522.5500000,-0.0600000,190.0000000,37500.0000000,100.0000000,57043950.0000000
FUTSTKCONCOR26-DEC-2024,804.4500000,805.5500000,819.6500000,801.0500000,814.1000000,814.1000000,1.1900000,13288.0000000,7582000.0000000,7582.0000000,6173061800.0000000
FUTSTKHINDCOPPER30-JAN-2025,283.2500000,283.4000000,283.4500000,277.2000000,281.2500000,281.2500000,-0.7000000,200.0000000,217300.0000000,82.0000000,60861887.5000000
FUTSTKJKCEMENT26-DEC-2024,4194.7500000,4232.7000000,4255.5000000,4120.0000000,4228.7000000,4228.7000000,0.8000000,4857.0000000,298750.0000000,2390.0000000,1250666706.2500000
FUTSTKLT30-JAN-2025,3751.9000000,3752.2500000,3767.7000000,3736.0500000,3748.9500000,3748.9500000,-0.0700000,1510.0000000,82800.0000000,552.0000000,310656502.5000000
FUTSTKTITAN30-JAN-2025,3367.3500000,3363.0000000,3363.0000000,3319.0000000,3336.0500000,3336.0500000,-0.9200000,1112.0000000,54950.0000000,314.0000000,183374660.0000000
FUTSTKLTIM28-NOV-2024,6225.8500000,6211.4000000,6297.3000000,6181.4000000,6250.7500000,6250.7500000,0.3900000,3144.0000000,1000200.0000000,6668.0000000,6252997590.0000000
FUTSTKUPL26-DEC-2024,555.7000000,555.0500000,555.4500000,542.2000000,551.6000000,551.6000000,-0.7300000,17079.0000000,11352190.0000000,8378.0000000,6220930202.0000000
FUTSTKNTPC30-JAN-2025,366.6000000,367.7500000,376.2500000,366.6500000,374.0500000,374.0500000,2.0300000,687.0000000,951000.0000000,634.0000000,355107150.0000000
FUTSTKAPOLLOTYRE30-JAN-2025,499.0000000,495.8000000,495.9000000,489.0000000,492.6500000,492.6500000,-1.2700000,108.0000000,91800.0000000,54.0000000,45111285.0000000
FUTSTKDIVISLAB30-JAN-2025,6144.2500000,6135.0000000,6151.6000000,6055.2000000,6066.1000000,6066.1000000,-1.2700000,162.0000000,7300.0000000,73.0000000,44709425.0000000
FUTSTKHINDCOPPER28-NOV-2024,279.6500000,279.2000000,281.2000000,274.0000000,277.7500000,277.7500000,-0.6700000,2604.0000000,6529600.0000000,2464.0000000,1808132895.0000000
FUTSTKPAGEIND28-NOV-2024,45508.8500000,45524.5000000,45545.2500000,44838.2500000,44984.0000000,44984.0000000,-1.1500000,3225.0000000,71175.0000000,4745.0000000,3207298746.0000000
FUTSTKTATACONSUM26-DEC-2024,969.8500000,965.1000000,969.3000000,958.7000000,966.4000000,966.4000000,-0.3500000,24065.0000000,3797112.0000000,8327.0000000,3660685144.8000000
FUTSTKGMRINFRA28-NOV-2024,80.1400000,80.2500000,82.0100000,79.8200000,81.8800000,81.8800000,2.1700000,15358.0000000,106048125.0000000,18853.0000000,8606107856.2500000
FUTSTKSUNPHARMA30-JAN-2025,1782.8500000,1782.8500000,1790.0000000,1765.5500000,1773.7500000,1773.7500000,-0.5100000,278.0000000,64400.0000000,184.0000000,114341097.5000000
FUTIDXBANKNIFTY29-JAN-2025,52792.3000000,52725.1000000,53029.8000000,52650.0000000,52932.3500000,52932.3500000,0.2600000,13354.0000000,119835.0000000,7989.0000000,6334437909.0000000
FUTSTKLAURUSLABS30-JAN-2025,551.4500000,552.6500000,560.0000000,548.8000000,550.4500000,550.4500000,-0.1800000,148.0000000,246500.0000000,145.0000000,136399245.0000000
FUTSTKTATAMOTORS30-JAN-2025,793.6500000,794.4500000,802.0000000,788.9500000,794.7000000,794.7000000,0.1300000,7640.0000000,1014750.0000000,1845.0000000,806569500.0000000
FUTSTKNTPC28-NOV-2024,361.9000000,362.5000000,371.7500000,361.7000000,369.4000000,369.4000000,2.0700000,14346.0000000,33294000.0000000,22196.0000000,12282101925.0000000
FUTSTKRAMCOCEM28-NOV-2024,961.2500000,960.2500000,991.2500000,954.8000000,979.6000000,979.6000000,1.9000000,2272.0000000,4093600.0000000,4816.0000000,3985030520.0000000
FUTSTKPNB26-DEC-2024,105.7900000,106.2500000,106.2500000,104.4500000,105.1300000,105.1300000,-0.6200000,29800.0000000,75632000.0000000,9454.0000000,7953827440.0000000
FUTSTKRECLTD28-NOV-2024,519.4500000,520.5500000,528.6500000,518.2000000,525.8500000,525.8500000,1.2300000,11296.0000000,21398000.0000000,21398.0000000,11231824100.0000000
FUTSTKBIOCON30-JAN-2025,357.5000000,360.5000000,363.3500000,354.0500000,362.2500000,362.2500000,1.3200000,304.0000000,295000.0000000,118.0000000,106061000.0000000
FUTSTKGLENMARK30-JAN-2025,1535.1000000,1530.0000000,1539.8000000,1524.0000000,1528.9500000,1540.7500000,0.3600000,61.0000000,3900.0000000,12.0000000,5959882.5000000
FUTSTKGRANULES26-DEC-2024,601.0000000,601.0000000,601.0000000,576.3000000,586.4000000,586.4000000,-2.4200000,15487.0000000,19668000.0000000,19668.0000000,11463426200.0000000
FUTSTKICICIPRULI28-NOV-2024,691.0000000,683.7000000,689.3500000,679.4000000,681.6000000,681.6000000,-1.3600000,1614.0000000,3886500.0000000,5182.0000000,2654620462.5000000
FUTSTKESCORTS28-NOV-2024,3610.7500000,3607.5000000,3626.6000000,3570.3000000,3589.9000000,3589.9000000,-0.5700000,1354.0000000,502700.0000000,1828.0000000,1810988272.5000000
FUTSTKUBL30-JAN-2025,1912.7500000,1907.8000000,1941.5500000,1893.0000000,1925.0000000,1925.0000000,0.6400000,40.0000000,10800.0000000,27.0000000,20732620.0000000
FUTSTKTATASTEEL26-DEC-2024,145.3200000,145.3200000,145.7700000,143.5600000,145.3900000,145.3900000,0.0400000,32999.0000000,76653500.0000000,13937.0000000,11093476020.0000000
FUTSTKINDIAMART30-JAN-2025,2358.5000000,2355.8500000,2402.1000000,2354.5500000,2401.3000000,2401.3000000,1.8100000,106.0000000,6900.0000000,23.0000000,16465260.0000000
FUTSTKMETROPOLIS30-JAN-2025,2177.1000000,2167.5000000,2167.5000000,2161.0000000,2161.0000000,2193.8000000,0.7600000,11.0000000,2000.0000000,5.0000000,4330660.0000000
FUTSTKTORNTPHARM26-DEC-2024,3246.5000000,3201.0000000,3262.2500000,3183.1000000,3236.3000000,3236.3000000,-0.3100000,7796.0000000,974250.0000000,3897.0000000,3133186262.5000000
FUTIDXMIDCPNIFTY24-FEB-2025,12743.7500000,12740.5500000,12800.5500000,12740.5500000,12786.4000000,12786.4000000,0.3300000,5.0000000,1320.0000000,11.0000000,16852878.0000000
FUTSTKMOTHERSON30-JAN-2025,168.1300000,166.5000000,166.9000000,164.2500000,165.7200000,165.7200000,-1.4300000,514.0000000,830700.0000000,234.0000000,137373427.0000000
FUTSTKJSWSTEEL30-JAN-2025,973.7000000,972.0000000,982.3500000,967.0000000,982.2000000,982.2000000,0.8700000,424.0000000,128925.0000000,191.0000000,125885238.7500000
FUTSTKALKEM30-JAN-2025,5537.4500000,5523.1000000,5523.1000000,5469.6500000,5515.6000000,5515.6000000,-0.3900000,32.0000000,2600.0000000,26.0000000,14291795.0000000
FUTSTKDEEPAKNTR30-JAN-2025,2701.6000000,2691.1000000,2721.2000000,2680.0000000,2708.7500000,2708.7500000,0.2600000,222.0000000,20700.0000000,69.0000000,56027070.0000000
FUTSTKNAUKRI30-JAN-2025,8338.3500000,8350.0000000,8450.0000000,8350.0000000,8445.1500000,8445.1500000,1.2800000,132.0000000,1875.0000000,25.0000000,15806103.7500000
FUTSTKMOTHERSON26-DEC-2024,167.0300000,164.0100000,167.0000000,163.1000000,164.5800000,164.5800000,-1.4600000,19631.0000000,39685450.0000000,11179.0000000,6523461469.0000000
FUTIDXFINNIFTY28-JAN-2025,24320.2500000,24320.0000000,24474.5500000,24318.0000000,24459.0500000,24459.0500000,0.5700000,68.0000000,1775.0000000,71.0000000,43338217.5000000
FUTSTKTATAPOWER30-JAN-2025,414.5000000,415.9500000,423.0000000,414.0000000,422.5000000,422.5000000,1.9300000,1809.0000000,488700.0000000,362.0000000,205050487.5000000
FUTSTKPNB28-NOV-2024,105.1800000,104.6700000,105.5900000,103.8600000,104.5600000,104.5600000,-0.5800000,8092.0000000,62152000.0000000,7769.0000000,6499439280.0000000
FUTSTKNMDC26-DEC-2024,228.1500000,229.9700000,230.6900000,226.6000000,229.2500000,229.2500000,0.4800000,12409.0000000,27229500.0000000,6051.0000000,6232791465.0000000
FUTSTKITC26-DEC-2024,479.7500000,479.7500000,481.6000000,475.5000000,479.5000000,479.5000000,-0.0500000,52399.0000000,38529600.0000000,24081.0000000,18417626400.0000000
FUTSTKGODREJCP26-DEC-2024,1245.1000000,1254.3000000,1269.7000000,1245.4000000,1266.9000000,1266.9000000,1.7500000,19579.0000000,3996500.0000000,7993.0000000,5021541700.0000000
FUTSTKSAIL28-NOV-2024,115.9600000,115.8400000,116.9600000,114.4400000,116.1500000,116.1500000,0.1600000,8232.0000000,39840000.0000000,9960.0000000,4611823200.0000000
FUTSTKCOLPAL28-NOV-2024,2946.9000000,2952.3000000,3021.0000000,2921.8000000,3013.9500000,3013.9500000,2.2700000,3529.0000000,1323525.0000000,7563.0000000,3942158386.2500000
FUTSTKMANAPPURAM28-NOV-2024,155.8000000,155.3200000,156.0900000,153.3000000,155.2600000,155.2600000,-0.3400000,3205.0000000,14181000.0000000,4727.0000000,2193972600.0000000
FUTSTKAXISBANK26-DEC-2024,1149.5500000,1151.5500000,1162.8500000,1141.1000000,1156.0000000,1156.0000000,0.5600000,98589.0000000,23885000.0000000,38216.0000000,27575356843.7500000
FUTSTKCOFORGE30-JAN-2025,8656.4000000,8631.8500000,8780.0000000,8625.0000000,8728.7000000,8728.7000000,0.8300000,268.0000000,8775.0000000,117.0000000,76557806.2500000
FUTSTKAARTIIND26-DEC-2024,455.4500000,456.9000000,461.0000000,450.0000000,455.4000000,455.4000000,-0.0100000,9736.0000000,12582000.0000000,12582.0000000,5717420900.0000000
FUTSTKMGL28-NOV-2024,1177.6500000,1174.9500000,1184.0000000,1154.9000000,1178.7500000,1178.7500000,0.0900000,2818.0000000,1062000.0000000,2655.0000000,1243083160.0000000
FUTSTKAUBANK30-JAN-2025,591.4000000,588.8000000,590.0500000,583.0000000,586.4000000,586.4000000,-0.8400000,527.0000000,144000.0000000,144.0000000,84507100.0000000
FUTSTKSUNTV30-JAN-2025,760.4000000,731.0500000,740.0000000,729.0000000,735.5000000,735.5000000,-3.2700000,69.0000000,28500.0000000,38.0000000,20924850.0000000
FUTSTKHDFCLIFE30-JAN-2025,691.1000000,693.1000000,695.7000000,689.6500000,690.2500000,690.2500000,-0.1200000,210.0000000,104500.0000000,95.0000000,72376205.0000000
FUTSTKHAL30-JAN-2025,4410.2000000,4408.3500000,4535.3000000,4408.3500000,4525.3500000,4525.3500000,2.6100000,1538.0000000,161700.0000000,1078.0000000,726836205.0000000
FUTSTKDABUR30-JAN-2025,532.0500000,528.0000000,534.5500000,527.3000000,533.1500000,533.1500000,0.2000000,478.0000000,148750.0000000,119.0000000,79073312.5000000
FUTSTKTORNTPHARM30-JAN-2025,3250.0000000,3210.0500000,3249.0000000,3210.0000000,3249.0000000,3249.0000000,-0.0300000,4.0000000,750.0000000,3.0000000,2417262.5000000
FUTSTKSBICARD26-DEC-2024,687.5500000,687.8500000,697.9000000,682.7000000,696.6500000,696.6500000,1.3200000,21811.0000000,8812000.0000000,11015.0000000,6090816760.0000000
FUTSTKNESTLEIND26-DEC-2024,2275.9500000,2262.2000000,2284.4500000,2259.1500000,2281.9000000,2281.9000000,0.2600000,34412.0000000,2248200.0000000,11241.0000000,5106147570.0000000
FUTSTKSYNGENE30-JAN-2025,918.0000000,919.8000000,935.0000000,918.5000000,926.0500000,926.0500000,0.8700000,33.0000000,24000.0000000,24.0000000,22247500.0000000
FUTSTKACC30-JAN-2025,2133.0000000,2123.0000000,2244.0000000,2123.0000000,2224.4000000,2224.4000000,4.2800000,174.0000000,49500.0000000,165.0000000,108231075.0000000
FUTSTKULTRACEMCO30-JAN-2025,11205.2000000,11103.4500000,11260.0000000,11040.0000000,11236.4000000,11236.4000000,0.2700000,495.0000000,15800.0000000,316.0000000,176032507.5000000
FUTSTKMPHASIS30-JAN-2025,3030.3000000,3036.4000000,3072.9500000,3035.0000000,3059.1500000,3059.1500000,0.9500000,82.0000000,10450.0000000,38.0000000,31953913.7500000
FUTSTKIDFCFIRSTB28-NOV-2024,65.3000000,64.9900000,65.0600000,63.8300000,64.3300000,64.3300000,-1.4800000,6919.0000000,137527500.0000000,18337.0000000,8856950775.0000000
FUTSTKNESTLEIND30-JAN-2025,2289.5000000,2279.6500000,2295.6500000,2275.0000000,2294.8000000,2294.8000000,0.2300000,425.0000000,30400.0000000,152.0000000,69446580.0000000
FUTSTKOBEROIRLTY30-JAN-2025,1985.1500000,1967.0000000,1974.4000000,1926.1000000,1952.4500000,1952.4500000,-1.6400000,166.0000000,53900.0000000,154.0000000,104862555.0000000
FUTSTKRAMCOCEM26-DEC-2024,966.0500000,965.0500000,996.4000000,962.1000000,984.6500000,984.6500000,1.9200000,8419.0000000,4890900.0000000,5754.0000000,4792905157.5000000
FUTSTKNTPC26-DEC-2024,364.0500000,364.7000000,373.9500000,363.6500000,371.6500000,371.6500000,2.0800000,66311.0000000,40213500.0000000,26809.0000000,14921293650.0000000
FUTSTKCONCOR28-NOV-2024,800.0000000,802.1000000,814.7500000,798.0000000,809.6000000,809.6000000,1.2000000,6645.0000000,6993000.0000000,6993.0000000,5662365700.0000000
FUTSTKINDUSINDBK28-NOV-2024,1009.9500000,1010.6000000,1010.6500000,993.3500000,1003.2500000,1003.2500000,-0.6600000,18699.0000000,14303000.0000000,28606.0000000,14338632475.0000000
FUTIDXMIDCPNIFTY27-JAN-2025,12672.6500000,12693.6000000,12745.0000000,12632.0000000,12736.9500000,12736.9500000,0.5000000,623.0000000,13500.0000000,270.0000000,171541650.0000000
FUTSTKVEDL30-JAN-2025,453.2500000,455.5500000,455.5500000,449.3500000,451.6500000,451.6500000,-0.3500000,777.0000000,256450.0000000,223.0000000,115814775.0000000
FUTSTKSHREECEM28-NOV-2024,25020.0000000,25031.8500000,25608.3000000,24861.9000000,25474.9500000,25474.9500000,1.8100000,2572.0000000,135050.0000000,5402.0000000,3400409813.7500000
FUTSTKCANBK30-JAN-2025,102.9200000,103.0400000,103.7500000,101.9000000,102.7400000,102.7400000,-0.1700000,614.0000000,1579500.0000000,234.0000000,162424507.5000000
FUTSTKSBICARD30-JAN-2025,682.0500000,683.8500000,693.0000000,678.0000000,691.7000000,691.7000000,1.4100000,1387.0000000,367200.0000000,459.0000000,251585440.0000000
FUTSTKPIIND30-JAN-2025,4146.0000000,4134.5500000,4188.0000000,4134.5500000,4160.8500000,4148.5000000,0.0600000,42.0000000,1750.0000000,14.0000000,7286525.0000000
FUTSTKBERGEPAINT26-DEC-2024,489.1000000,492.3500000,494.2000000,486.8000000,493.1500000,493.1500000,0.8200000,4279.0000000,3490080.0000000,2644.0000000,1711848468.0000000
FUTSTKIDFCFIRSTB26-DEC-2024,65.3100000,64.7500000,65.3500000,63.7900000,64.3900000,64.3900000,-1.4000000,50763.0000000,159832500.0000000,21311.0000000,10290242850.0000000
FUTSTKLUPIN26-DEC-2024,2049.2500000,2052.8000000,2052.8000000,2012.2000000,2019.9000000,2019.9000000,-1.4300000,16623.0000000,4284425.0000000,10081.0000000,8684686193.7500000
FUTSTKHINDALCO26-DEC-2024,669.0500000,670.2000000,671.9500000,662.8000000,663.8500000,663.8500000,-0.7700000,27128.0000000,16626400.0000000,11876.0000000,11087112330.0000000
FUTSTKABB30-JAN-2025,7417.8000000,7452.2000000,7610.0000000,7452.0000000,7570.1000000,7570.1000000,2.0500000,139.0000000,17250.0000000,138.0000000,130047112.5000000
FUTSTKADANIENT26-DEC-2024,2159.3500000,2180.0000000,2431.9500000,2154.5500000,2411.7500000,2411.7500000,11.6800000,52700.0000000,13818900.0000000,46063.0000000,32175491400.0000000
FUTSTKASIANPAINT30-JAN-2025,2525.7000000,2532.1500000,2535.0500000,2502.0000000,2511.7500000,2511.7500000,-0.5500000,1978.0000000,114200.0000000,571.0000000,286802790.0000000
FUTSTKEICHERMOT28-NOV-2024,4924.2500000,4930.7500000,4948.8000000,4887.0000000,4919.6000000,4919.6000000,-0.0900000,5345.0000000,1230600.0000000,7032.0000000,6054646193.7500000
FUTSTKACC26-DEC-2024,2122.8000000,2115.0500000,2239.0000000,2100.0000000,2215.9000000,2215.9000000,4.3800000,9087.0000000,3176400.0000000,10588.0000000,6931669665.0000000
FUTSTKIRCTC28-NOV-2024,817.0500000,815.5500000,829.8000000,812.3500000,822.3500000,822.3500000,0.6400000,6467.0000000,5712000.0000000,6528.0000000,4705425681.2500000
FUTSTKZYDUSLIFE26-DEC-2024,957.2500000,962.6500000,962.6500000,952.5000000,954.5500000,954.5500000,-0.2800000,9858.0000000,3557700.0000000,3953.0000000,3402877185.0000000
FUTSTKHINDPETRO30-JAN-2025,383.0000000,390.1000000,390.5500000,380.8000000,385.2000000,385.2000000,0.5700000,441.0000000,309825.0000000,153.0000000,119255388.7500000
FUTSTKBHARTIARTL30-JAN-2025,1595.3500000,1585.0000000,1599.6000000,1576.0000000,1593.5500000,1593.5500000,-0.1100000,862.0000000,224200.0000000,472.0000000,356416558.7500000
FUTSTKLALPATHLAB26-DEC-2024,3112.2500000,3148.5000000,3148.5000000,3042.0000000,3049.1500000,3049.1500000,-2.0200000,2663.0000000,329400.0000000,2196.0000000,1010664030.0000000
FUTSTKDRREDDY26-DEC-2024,1216.9500000,1217.9500000,1217.9500000,1205.2000000,1207.0500000,1207.0500000,-0.8100000,13195.0000000,3695625.0000000,5913.0000000,4470773406.2500000
FUTSTKLICHSGFIN26-DEC-2024,625.7000000,628.8000000,633.1000000,622.4500000,631.2000000,631.2000000,0.8700000,22779.0000000,9259000.0000000,9259.0000000,5832450150.0000000
FUTSTKTATACOMM26-DEC-2024,1776.7000000,1784.0000000,1785.6500000,1756.6500000,1774.7500000,1774.7500000,-0.1000000,19453.0000000,2980250.0000000,11921.0000000,5292566600.0000000
FUTSTKPEL28-NOV-2024,1200.1500000,1195.0000000,1225.0000000,1186.2500000,1191.5500000,1191.5500000,-0.7100000,1588.0000000,4176750.0000000,5569.0000000,5016483150.0000000
FUTSTKHDFCLIFE26-DEC-2024,686.7500000,685.9500000,691.5000000,683.9000000,685.2000000,685.2000000,-0.2200000,13707.0000000,7335900.0000000,6669.0000000,5046000795.0000000
FUTSTKMRF26-DEC-2024,124883.8000000,124887.9000000,125778.9000000,123800.0500000,125336.9000000,125336.9000000,0.3600000,9576.0000000,20170.0000000,4034.0000000,2518102672.2500000
FUTSTKCANBK28-NOV-2024,101.7900000,101.8100000,102.5800000,100.6600000,101.5300000,101.5300000,-0.2500000,10860.0000000,82971000.0000000,12292.0000000,8438582632.5000000
FUTSTKOFSS28-NOV-2024,11754.5500000,11849.7500000,11944.9500000,11724.6500000,11848.3500000,11848.3500000,0.7900000,2296.0000000,272150.0000000,5443.0000000,3223189230.0000000
FUTSTKBAJFINANCE28-NOV-2024,6624.6000000,6638.0000000,6740.0000000,6619.7500000,6700.3000000,6700.3000000,1.1400000,14435.0000000,2663625.0000000,21309.0000000,17836681456.2500000
FUTSTKPVRINOX28-NOV-2024,1481.1500000,1483.0000000,1523.0000000,1465.1500000,1514.1500000,1514.1500000,2.2200000,2143.0000000,3262512.0000000,8016.0000000,4852026466.6400900
FUTSTKBATAINDIA28-NOV-2024,1368.5000000,1358.8500000,1381.6500000,1358.8500000,1373.3000000,1373.3000000,0.3500000,1799.0000000,1471125.0000000,3923.0000000,2014896075.0000000
FUTSTKAPOLLOHOSP28-NOV-2024,7080.0500000,7068.5000000,7100.0000000,6974.9500000,6987.6000000,6987.6000000,-1.3000000,2100.0000000,630875.0000000,5047.0000000,4425669275.0000000
FUTSTKNESTLEIND28-NOV-2024,2269.9500000,2260.7500000,2274.0000000,2254.0000000,2272.0000000,2272.0000000,0.0900000,6629.0000000,2181800.0000000,10909.0000000,4940321770.0000000
FUTSTKBERGEPAINT28-NOV-2024,486.9500000,490.0500000,491.8500000,484.5500000,490.7000000,490.7000000,0.7700000,1752.0000000,2976600.0000000,2255.0000000,1452545160.0000000
FUTSTKMRF28-NOV-2024,124216.3500000,124215.5500000,125080.8500000,123080.0000000,124671.2500000,124671.2500000,0.3600000,2591.0000000,20600.0000000,4120.0000000,2556242204.5000000
FUTSTKHDFCAMC26-DEC-2024,4268.2500000,4200.1000000,4287.6000000,4200.0500000,4270.1000000,4270.1000000,0.0400000,20755.0000000,1276350.0000000,8509.0000000,5442979582.5000000
FUTSTKJSWSTEEL26-DEC-2024,970.1000000,967.8000000,977.5000000,960.4000000,975.0000000,975.0000000,0.5000000,34264.0000000,8805375.0000000,13045.0000000,8547142376.2500000
FUTSTKHCLTECH28-NOV-2024,1898.7500000,1902.6500000,1916.7000000,1888.0500000,1891.8500000,1891.8500000,-0.3600000,11690.0000000,3516800.0000000,10048.0000000,6695849790.0000000
FUTSTKHINDPETRO26-DEC-2024,380.7000000,387.0000000,388.2000000,378.1500000,382.6000000,382.6000000,0.4900000,16547.0000000,23212575.0000000,11463.0000000,8867627381.2500000
FUTSTKOBEROIRLTY28-NOV-2024,1979.4000000,1986.1500000,1990.9000000,1951.3500000,1983.2500000,1983.2500000,0.1900000,3562.0000000,3292450.0000000,9407.0000000,6487170690.0000000
FUTSTKAXISBANK28-NOV-2024,1143.1500000,1146.7000000,1156.3000000,1134.3000000,1149.5500000,1149.5500000,0.5500000,12267.0000000,19999375.0000000,31999.0000000,22958180437.5000000
FUTSTKM&M28-NOV-2024,2982.2000000,3022.0000000,3066.8000000,2980.0000000,3002.3000000,3002.3000000,0.6700000,21247.0000000,7458675.0000000,42621.0000000,22467172796.2500000
FUTSTKAUROPHARMA26-DEC-2024,1234.4500000,1240.1000000,1241.5000000,1226.3000000,1231.6500000,1231.6500000,-0.2200000,21368.0000000,3292300.0000000,5986.0000000,4058242347.5000000
FUTSTKBOSCHLTD26-DEC-2024,35171.7000000,35079.3000000,35349.9000000,34883.7000000,35113.0500000,35113.0500000,-0.1600000,9363.0000000,97750.0000000,3910.0000000,3431448521.2500000
FUTSTKBALKRISIND28-NOV-2024,2765.9000000,2763.3500000,2767.8000000,2713.0000000,2742.1000000,2742.1000000,-0.8600000,1697.0000000,618900.0000000,2063.0000000,1692280875.0000000
FUTSTKCHOLAFIN26-DEC-2024,1273.1500000,1278.9500000,1296.7500000,1265.4500000,1285.2500000,1285.2500000,0.9500000,16390.0000000,4440625.0000000,7105.0000000,5712898093.7500000
FUTSTKICICIPRULI26-DEC-2024,694.6500000,688.0500000,692.5500000,682.7000000,685.1500000,685.1500000,-1.3600000,11175.0000000,4170750.0000000,5561.0000000,2862957000.0000000
FUTSTKGRANULES28-NOV-2024,596.5000000,592.5000000,597.1500000,573.2500000,582.8500000,582.8500000,-2.2800000,1530.0000000,17290000.0000000,17290.0000000,10023043150.0000000
FUTSTKAPOLLOTYRE26-DEC-2024,505.8000000,507.5000000,509.5000000,495.4000000,499.8000000,499.8000000,-1.1800000,6811.0000000,7660200.0000000,4506.0000000,3822036730.0000000
FUTSTKSIEMENS26-DEC-2024,7290.6500000,7443.0000000,7657.6500000,7392.7000000,7483.0500000,7483.0500000,2.6300000,22855.0000000,1632000.0000000,21760.0000000,12239939283.7500000
FUTSTKNAUKRI28-NOV-2024,8235.3000000,8272.5000000,8362.1000000,8226.1500000,8353.1500000,8353.1500000,1.4300000,3871.0000000,421725.0000000,5623.0000000,3505485892.5000000
FUTSTKRELIANCE26-DEC-2024,1301.7500000,1303.1000000,1311.0000000,1293.4500000,1302.1500000,1302.1500000,0.0300000,264092.0000000,41061000.0000000,82122.0000000,53451522775.0000000
FUTSTKIEX26-DEC-2024,167.0400000,167.0000000,173.8200000,167.0000000,172.7800000,172.7800000,3.4300000,8117.0000000,22428750.0000000,5981.0000000,3830388937.5000000
FUTSTKPFC26-DEC-2024,486.8000000,488.0000000,498.0500000,483.8500000,494.3500000,494.3500000,1.5500000,38898.0000000,25452700.0000000,19579.0000000,12563739630.0000000
FUTSTKEICHERMOT26-DEC-2024,4951.0000000,4956.0500000,4977.0500000,4914.8000000,4947.8500000,4947.8500000,-0.0600000,17288.0000000,1343650.0000000,7678.0000000,6646681028.7500000
FUTIDXNIFTY28-NOV-2024,24217.1000000,24214.9000000,24380.0000000,24157.0000000,24299.5500000,24299.5500000,0.3400000,248576.0000000,5306500.0000000,212260.0000000,128823023116.2500000
FUTSTKHINDUNILVR28-NOV-2024,2480.5000000,2468.7000000,2490.7500000,2459.5500000,2485.7000000,2485.7000000,0.2000000,8360.0000000,4962000.0000000,16540.0000000,12284050215.0000000
FUTSTKPOWERGRID28-NOV-2024,338.3000000,337.4000000,341.6500000,337.3500000,338.9000000,338.9000000,0.1700000,10805.0000000,21407400.0000000,11893.0000000,7260543990.0000000
FUTSTKUBL28-NOV-2024,1903.4000000,1903.8500000,1944.5500000,1883.6000000,1927.2500000,1927.2500000,1.2500000,894.0000000,919600.0000000,2299.0000000,1761678780.0000000
FUTSTKINDIAMART26-DEC-2024,2346.1000000,2382.9000000,2391.7000000,2321.7500000,2382.6000000,2382.6000000,1.5500000,3291.0000000,538800.0000000,1796.0000000,1279304625.0000000
FUTSTKJKCEMENT28-NOV-2024,4172.6500000,4162.7500000,4238.6000000,4104.4500000,4208.5000000,4208.5000000,0.8500000,923.0000000,252625.0000000,2021.0000000,1051642512.5000000
FUTSTKNAVINFLUOR28-NOV-2024,3458.1500000,3467.4500000,3512.3500000,3426.5000000,3501.9500000,3501.9500000,1.2600000,2321.0000000,586600.0000000,3352.0000000,2044111632.5000000
FUTSTKGRASIM26-DEC-2024,2630.1500000,2611.7000000,2650.0000000,2611.0000000,2639.6000000,2639.6000000,0.3500000,30869.0000000,2097750.0000000,8391.0000000,5513687187.5000000
FUTSTKCUMMINSIND28-NOV-2024,3462.9500000,3514.9500000,3515.9500000,3421.3500000,3494.2000000,3494.2000000,0.9000000,3957.0000000,1230750.0000000,8205.0000000,4266337852.5000000
FUTSTKINDIGO28-NOV-2024,4222.2000000,4229.3000000,4282.3000000,4173.4500000,4265.9500000,4265.9500000,1.0300000,15785.0000000,1872150.0000000,12481.0000000,7955204685.0000000
FUTSTKVOLTAS28-NOV-2024,1672.1000000,1666.1500000,1672.0500000,1643.2500000,1662.1000000,1662.1000000,-0.5900000,7761.0000000,4218900.0000000,14063.0000000,6991369110.0000000
FUTSTKADANIPORTS28-NOV-2024,1128.2500000,1114.1000000,1229.0000000,1106.1500000,1202.7000000,1202.7000000,6.5900000,11179.0000000,20136000.0000000,50340.0000000,23706335900.0000000
FUTSTKPIIND28-NOV-2024,4114.4000000,4108.1500000,4153.3000000,4078.0000000,4111.0000000,4111.0000000,-0.0800000,3179.0000000,459750.0000000,3678.0000000,1896076206.2500000
FUTSTKBANKBARODA26-DEC-2024,248.8500000,248.9000000,250.8500000,245.6000000,247.9000000,247.9000000,-0.3800000,45649.0000000,60114600.0000000,20552.0000000,14928743407.5000000
FUTSTKBHARTIARTL26-DEC-2024,1584.8500000,1575.0500000,1589.5000000,1564.9000000,1583.2500000,1583.2500000,-0.1000000,97299.0000000,13598775.0000000,28629.0000000,21441831193.7500000
FUTSTKBRITANNIA26-DEC-2024,5035.3000000,5069.8500000,5069.8500000,4969.0000000,5002.2000000,5002.2000000,-0.6500000,19600.0000000,851000.0000000,8510.0000000,4250785475.0000000
FUTSTKCHAMBLFERT28-NOV-2024,479.4000000,479.0500000,491.0000000,473.6000000,489.1500000,489.1500000,2.0300000,1525.0000000,2865200.0000000,1508.0000000,1385016780.0000000
FUTSTKAUBANK26-DEC-2024,590.9500000,592.0000000,592.0000000,582.5000000,586.2500000,586.2500000,-0.7900000,18537.0000000,8968000.0000000,8968.0000000,5264648000.0000000
FUTSTKIRCTC26-DEC-2024,821.0000000,820.4000000,834.6000000,817.2000000,826.8000000,826.8000000,0.7000000,13341.0000000,6011250.0000000,6870.0000000,4978653181.2500000
FUTSTKNAVINFLUOR26-DEC-2024,3477.0000000,3450.1000000,3532.7500000,3442.3000000,3521.7000000,3521.7000000,1.2800000,7334.0000000,673225.0000000,3847.0000000,2358743205.0000000
FUTSTKMCX28-NOV-2024,6052.0000000,6052.7500000,6138.0500000,6011.8000000,6115.5500000,6115.5500000,1.0500000,4867.0000000,652600.0000000,6526.0000000,3962735460.0000000
FUTSTKEXIDEIND28-NOV-2024,426.1000000,427.1500000,446.0000000,426.2000000,444.9500000,444.9500000,4.4200000,4350.0000000,16007400.0000000,8893.0000000,7026567030.0000000
FUTSTKMANAPPURAM26-DEC-2024,156.6700000,156.6700000,156.8200000,154.0500000,156.1300000,156.1300000,-0.3400000,17179.0000000,17280000.0000000,5760.0000000,2689265580.0000000
FUTSTKPIDILITIND26-DEC-2024,3030.1500000,3037.4500000,3084.9000000,3005.2500000,3060.2500000,3060.2500000,0.9900000,7342.0000000,1061000.0000000,4244.0000000,3241158700.0000000
FUTSTKBATAINDIA26-DEC-2024,1358.4000000,1350.2500000,1370.0000000,1350.2000000,1364.6500000,1364.6500000,0.4600000,7529.0000000,1616625.0000000,4311.0000000,2197498556.2500000
FUTSTKAMBUJACEM28-NOV-2024,494.4000000,495.4500000,523.7500000,489.4000000,515.2000000,515.2000000,4.2000000,8460.0000000,15991200.0000000,17768.0000000,8136243495.0000000
FUTSTKHDFCLIFE28-NOV-2024,682.9500000,682.2000000,687.8000000,679.9000000,681.1500000,681.1500000,-0.2600000,4898.0000000,6972900.0000000,6339.0000000,4769166490.0000000
FUTSTKMFSL26-DEC-2024,1182.3500000,1190.0000000,1208.6500000,1181.2500000,1195.4000000,1195.4000000,1.1000000,3859.0000000,1928000.0000000,2410.0000000,2311071240.0000000
FUTSTKBANDHANBNK28-NOV-2024,170.2200000,170.7000000,171.6900000,169.3400000,171.3400000,171.3400000,0.6500000,6218.0000000,16175600.0000000,5777.0000000,2765821128.0000000
FUTSTKBIOCON28-NOV-2024,353.0000000,354.4500000,359.1000000,348.8500000,358.1500000,358.1500000,1.4500000,4665.0000000,12222500.0000000,4889.0000000,4329268875.0000000
FUTSTKTCS28-NOV-2024,4344.1000000,4350.9500000,4373.8500000,4327.2500000,4335.1500000,4335.1500000,-0.2000000,18152.0000000,3762675.0000000,21501.0000000,16365977363.7500000
FUTSTKINDUSTOWER28-NOV-2024,340.5000000,341.4000000,352.4500000,340.3500000,350.1000000,350.1000000,2.8100000,10030.0000000,30899200.0000000,18176.0000000,10717699980.0000000
FUTSTKASHOKLEY26-DEC-2024,231.3000000,232.9100000,235.1700000,231.0600000,234.1200000,234.1000000,1.2100000,20844.0000000,25200000.0000000,10080.0000000,5892910950.0000000
FUTSTKINDUSINDBK26-DEC-2024,1015.6500000,1014.8000000,1017.0000000,999.0000000,1008.8000000,1008.8000000,-0.6700000,82181.0000000,17053500.0000000,34107.0000000,17191899025.0000000
FUTSTKGODREJPROP26-DEC-2024,2914.3500000,2887.1500000,2902.2500000,2815.1000000,2847.3000000,2847.3000000,-2.3000000,15203.0000000,2144925.0000000,9533.0000000,6097797798.7500000
FUTSTKASTRAL26-DEC-2024,1814.7500000,1820.2500000,1820.2500000,1795.0000000,1803.1500000,1803.1500000,-0.6300000,7959.0000000,1465798.0000000,3994.0000000,2644525975.9400900
FUTSTKMARUTI26-DEC-2024,11011.5000000,11078.6500000,11184.8000000,10943.5500000,11114.1000000,11114.1000000,0.9300000,58592.0000000,1183950.0000000,23679.0000000,13161993677.5000000
FUTSTKVOLTAS26-DEC-2024,1675.6500000,1672.9000000,1676.9000000,1647.0000000,1667.7000000,1667.7000000,-0.4700000,27351.0000000,4608900.0000000,15363.0000000,7660604355.0000000
FUTSTKLUPIN28-NOV-2024,2037.2000000,2039.7000000,2039.8500000,2000.3000000,2009.3000000,2009.3000000,-1.3600000,6272.0000000,3813100.0000000,8972.0000000,7687894168.7500000
FUTSTKATUL26-DEC-2024,7419.3500000,7420.0000000,7475.8500000,7350.0500000,7407.5000000,7407.5000000,-0.1500000,7185.0000000,258800.0000000,2588.0000000,1913833580.0000000
FUTSTKADANIENT28-NOV-2024,2146.7000000,2170.3000000,2419.8000000,2141.8500000,2398.4500000,2398.4500000,11.7200000,9939.0000000,11099400.0000000,36998.0000000,25605018495.0000000
FUTSTKTATAMOTORS26-DEC-2024,788.0000000,788.9500000,796.9000000,782.9500000,789.0500000,789.0500000,0.1300000,129406.0000000,28519700.0000000,51854.0000000,22525480367.5000000
FUTSTKSUNPHARMA28-NOV-2024,1761.9000000,1765.2000000,1770.3500000,1742.3000000,1751.1000000,1751.1000000,-0.6100000,9985.0000000,4226950.0000000,12077.0000000,7414074972.5000000
FUTSTKPETRONET28-NOV-2024,329.1000000,330.9000000,331.1000000,323.8000000,327.6000000,327.6000000,-0.4500000,3277.0000000,9247500.0000000,6165.0000000,3015549150.0000000
FUTSTKPOWERGRID26-DEC-2024,340.0500000,339.4500000,343.5000000,338.3500000,340.6500000,340.6500000,0.1700000,38366.0000000,24598800.0000000,13666.0000000,8386744500.0000000
FUTSTKAUROPHARMA28-NOV-2024,1227.9000000,1226.4500000,1234.2000000,1219.0500000,1225.0500000,1225.0500000,-0.2300000,4411.0000000,2963950.0000000,5389.0000000,3633666602.5000000
FUTSTKPOLYCAB28-NOV-2024,6873.1500000,6862.0000000,7084.8000000,6838.0500000,7031.8000000,7031.8000000,2.3000000,3389.0000000,995500.0000000,7964.0000000,6981771206.2500000
FUTSTKMPHASIS26-DEC-2024,3017.8500000,3005.0500000,3059.5000000,3005.0500000,3035.7000000,3035.7000000,0.5900000,11817.0000000,1566675.0000000,5697.0000000,4756755093.7500000
FUTSTKBAJFINANCE26-DEC-2024,6661.7000000,6680.0500000,6778.3000000,6656.7000000,6738.2000000,6738.2000000,1.1400000,63273.0000000,3085250.0000000,24682.0000000,20774284006.2500000
FUTSTKMARICO26-DEC-2024,631.5000000,627.6500000,654.1000000,626.0000000,652.1500000,652.1500000,3.2600000,17433.0000000,10682400.0000000,8902.0000000,6863166120.0000000
FUTSTKBHARATFORG28-NOV-2024,1324.4000000,1323.1500000,1334.0000000,1314.0000000,1326.2000000,1326.2000000,0.1300000,3578.0000000,2916500.0000000,5833.0000000,3861697100.0000000
FUTSTKSBILIFE28-NOV-2024,1506.1000000,1517.6500000,1517.6500000,1494.9000000,1503.4500000,1503.4500000,-0.1700000,4873.0000000,3439500.0000000,9172.0000000,5169871481.2500000
FUTSTKASTRAL28-NOV-2024,1804.6500000,1809.7000000,1809.7000000,1785.0500000,1793.2500000,1793.2500000,-0.6300000,4484.0000000,1242662.0000000,3386.0000000,2230221217.3500000
FUTSTKINFY26-DEC-2024,1936.4000000,1944.9500000,1953.3000000,1923.6500000,1937.6000000,1937.6000000,0.0600000,96813.0000000,15258400.0000000,38146.0000000,29595422380.0000000
FUTSTKONGC28-NOV-2024,254.2000000,255.4000000,255.4000000,250.1500000,254.1000000,254.1000000,-0.0300000,12093.0000000,30480450.0000000,15834.0000000,7690766833.7500000
FUTSTKBAJAJFINSV28-NOV-2024,1595.7000000,1599.1000000,1609.8500000,1588.6000000,1598.8000000,1598.8000000,0.1900000,4712.0000000,4022500.0000000,8045.0000000,6433195675.0000000
FUTSTKCIPLA26-DEC-2024,1502.2000000,1498.5500000,1501.3500000,1477.5500000,1497.8000000,1497.8000000,-0.2900000,35998.0000000,3612050.0000000,11114.0000000,5377862067.5000000
FUTSTKKOTAKBANK28-NOV-2024,1782.7000000,1781.9500000,1802.3000000,1778.7500000,1784.2000000,1784.2000000,0.0800000,19470.0000000,10588400.0000000,26471.0000000,18986545660.0000000
FUTSTKZYDUSLIFE28-NOV-2024,952.4500000,957.5500000,958.4000000,948.2500000,949.6500000,949.6500000,-0.2900000,3668.0000000,3151800.0000000,3502.0000000,3000151305.0000000
FUTSTKIGL28-NOV-2024,320.7000000,321.3000000,323.5000000,317.8500000,319.7500000,319.7500000,-0.2900000,4600.0000000,7427750.0000000,5402.0000000,2376722906.2500000
FUTSTKINDHOTEL26-DEC-2024,801.0000000,802.4000000,802.4500000,791.5500000,794.4500000,794.4500000,-0.8100000,16295.0000000,7345000.0000000,7345.0000000,5851725350.0000000
FUTSTKTORNTPHARM28-NOV-2024,3227.9500000,3241.4000000,3250.3000000,3165.7500000,3221.2500000,3221.2500000,-0.2000000,2128.0000000,917750.0000000,3671.0000000,2935286575.0000000
FUTSTKMARUTI28-NOV-2024,10952.6000000,10964.7000000,11125.3000000,10882.3500000,11058.2500000,11058.2500000,0.9600000,11697.0000000,1122850.0000000,22457.0000000,12418657055.0000000
FUTSTKUPL28-NOV-2024,552.6500000,551.8000000,554.7000000,539.0000000,548.6500000,548.6500000,-0.7200000,4755.0000000,10896910.0000000,8042.0000000,5937137037.2500000
FUTSTKTITAN28-NOV-2024,3327.4500000,3280.0000000,3324.8500000,3276.1000000,3294.0500000,3294.0500000,-1.0000000,13752.0000000,2140950.0000000,12234.0000000,7062760626.2500000
FUTSTKCOROMANDEL26-DEC-2024,1776.9500000,1777.9500000,1778.6500000,1755.2500000,1770.3500000,1770.3500000,-0.3700000,5792.0000000,1025500.0000000,2930.0000000,1812238400.0000000
FUTSTKCUB26-DEC-2024,180.3600000,181.0000000,182.8400000,178.1600000,179.3000000,179.3000000,-0.5800000,5452.0000000,13460000.0000000,2692.0000000,2418956200.0000000
FUTSTKBSOFT28-NOV-2024,593.4000000,595.1500000,604.0000000,593.6000000,601.2500000,601.2500000,1.3200000,2981.0000000,4674000.0000000,4674.0000000,2803523100.0000000
FUTSTKTECHM28-NOV-2024,1745.0500000,1741.4000000,1768.2500000,1736.0000000,1754.7500000,1754.7500000,0.5500000,3698.0000000,3505200.0000000,5842.0000000,6159708660.0000000
FUTSTKATUL28-NOV-2024,7377.5000000,7408.2500000,7408.2500000,7307.2500000,7366.9500000,7366.9500000,-0.1400000,1857.0000000,245500.0000000,2455.0000000,1805305110.0000000
FUTSTKEXIDEIND26-DEC-2024,428.4500000,430.0000000,448.5000000,429.5000000,447.2000000,447.2000000,4.3700000,15392.0000000,23646600.0000000,13137.0000000,10431092520.0000000
FUTSTKICICIGI28-NOV-2024,1855.1500000,1855.1500000,1872.0500000,1833.7000000,1864.6500000,1864.6500000,0.5100000,4272.0000000,2191500.0000000,8766.0000000,4056893600.0000000
FUTSTKDIVISLAB28-NOV-2024,6083.9000000,6112.7000000,6113.0500000,6001.5000000,6012.6000000,6012.6000000,-1.1700000,4569.0000000,866400.0000000,8664.0000000,5248151385.0000000
FUTSTKAPOLLOTYRE28-NOV-2024,518.8000000,518.7000000,522.0500000,508.9000000,512.8000000,512.8000000,-1.1500000,2028.0000000,6208400.0000000,3652.0000000,3178203465.0000000
FUTSTKTATAPOWER28-NOV-2024,409.5000000,411.6000000,418.0000000,408.7500000,417.3000000,417.3000000,1.9000000,15042.0000000,19755900.0000000,14634.0000000,8186358690.0000000
FUTSTKDEEPAKNTR28-NOV-2024,2716.3000000,2711.6500000,2748.3000000,2698.5500000,2723.6500000,2723.6500000,0.2700000,1334.0000000,1069500.0000000,3565.0000000,2912453790.0000000
FUTSTKNMDC28-NOV-2024,226.9700000,226.9500000,229.6000000,225.6700000,228.0900000,228.0900000,0.4900000,4953.0000000,25366500.0000000,5637.0000000,5779593450.0000000
FUTSTKSUNTV26-DEC-2024,741.4500000,746.5000000,746.5000000,728.7000000,739.1500000,739.1500000,-0.3100000,5790.0000000,2869500.0000000,3826.0000000,2116000275.0000000
FUTIDXBANKNIFTY24-DEC-2024,52510.4000000,52500.0000000,52723.0000000,52321.0000000,52617.4500000,52617.4500000,0.2000000,124817.0000000,1598400.0000000,106560.0000000,84033901257.7500000
FUTSTKIDEA28-NOV-2024,7.5000000,7.6700000,8.4500000,7.4900000,8.3200000,8.3200000,10.9300000,12407.0000000,1044040000.0000000,26101.0000000,8257544400.0000000
FUTSTKIOC26-DEC-2024,137.4900000,138.6000000,140.3300000,136.0600000,139.8500000,139.8500000,1.7100000,21752.0000000,56340375.0000000,11557.0000000,7751331558.7500000
FUTSTKDIVISLAB26-DEC-2024,6116.6500000,6163.1500000,6163.1500000,6030.0500000,6040.5000000,6040.5000000,-1.2400000,27719.0000000,907200.0000000,9072.0000000,5519158975.0000000
FUTSTKBAJAJ-AUTO28-NOV-2024,9142.6500000,9159.6500000,9268.0000000,9114.8000000,9197.1500000,9197.1500000,0.5900000,7955.0000000,1017525.0000000,13567.0000000,9378701212.5000000
FUTSTKRELIANCE28-NOV-2024,1294.5500000,1292.8000000,1303.0000000,1286.2500000,1295.2000000,1295.2000000,0.0500000,85289.0000000,38895500.0000000,77791.0000000,50359487200.0000000
FUTSTKDEEPAKNTR26-DEC-2024,2706.3000000,2740.3500000,2740.3500000,2685.0000000,2710.6000000,2710.6000000,0.1500000,6297.0000000,1188900.0000000,3963.0000000,3220925430.0000000
FUTSTKUNITDSPR28-NOV-2024,1512.9000000,1510.8500000,1529.7000000,1501.3000000,1516.7000000,1516.7000000,0.2500000,3477.0000000,4849950.0000000,13857.0000000,7323496950.0000000
FUTSTKSRF28-NOV-2024,2233.7500000,2244.8500000,2300.5000000,2222.6500000,2296.9000000,2296.9000000,2.8200000,2509.0000000,2331000.0000000,6216.0000000,5288307487.5000000
FUTSTKWIPRO28-NOV-2024,588.0000000,590.0500000,595.3500000,582.6000000,583.5500000,583.5500000,-0.7500000,5733.0000000,13426500.0000000,8951.0000000,7888071375.0000000
FUTSTKHINDCOPPER26-DEC-2024,281.2500000,279.7000000,282.5500000,275.0500000,279.2500000,279.2500000,-0.7100000,11811.0000000,7976500.0000000,3010.0000000,2218027475.0000000
FUTSTKCANFINHOME26-DEC-2024,821.3000000,828.7500000,828.7500000,811.1000000,824.1000000,824.1000000,0.3400000,3292.0000000,2539875.0000000,2605.0000000,2081055795.0000000
FUTSTKCIPLA28-NOV-2024,1493.6500000,1493.6500000,1493.6500000,1470.0000000,1489.5500000,1489.5500000,-0.2700000,7505.0000000,3111550.0000000,9574.0000000,4607021412.5000000
FUTSTKCOALINDIA28-NOV-2024,411.0000000,417.0000000,420.6500000,412.1500000,417.4000000,417.4000000,1.5500000,13910.0000000,22610700.0000000,21534.0000000,9426941842.5000000
FUTSTKSBICARD28-NOV-2024,700.2500000,697.5500000,709.2500000,696.1000000,706.9000000,706.9000000,0.9400000,3041.0000000,8347200.0000000,10434.0000000,5881146600.0000000
FUTSTKHDFCBANK28-NOV-2024,1786.5000000,1792.0500000,1817.7500000,1786.1500000,1812.9000000,1812.9000000,1.4700000,36759.0000000,41336350.0000000,75157.0000000,74376650452.5000000
FUTSTKABFRL26-DEC-2024,308.8500000,308.1000000,314.0000000,308.1000000,311.1000000,311.1000000,0.7200000,18572.0000000,9721400.0000000,3739.0000000,3028891450.0000000
FUTSTKCROMPTON28-NOV-2024,407.9000000,407.3500000,409.8500000,402.1000000,408.2500000,408.2500000,0.0800000,1640.0000000,7909200.0000000,4394.0000000,3205341000.0000000
FUTSTKPAGEIND26-DEC-2024,45757.2000000,45905.9000000,45905.9000000,45115.0000000,45257.0000000,45257.0000000,-1.0900000,10019.0000000,79140.0000000,5276.0000000,3585724263.0000000
FUTSTKCANFINHOME28-NOV-2024,822.2500000,822.8000000,835.6000000,816.3500000,828.3500000,828.3500000,0.7400000,602.0000000,1992900.0000000,2044.0000000,1645892722.5000000
FUTSTKINFY28-NOV-2024,1925.3000000,1934.7000000,1941.4000000,1911.3000000,1925.1000000,1925.1000000,-0.0100000,22993.0000000,13765600.0000000,34414.0000000,26531600420.0000000
FUTSTKNATIONALUM26-DEC-2024,246.2700000,244.0000000,245.6300000,240.5600000,243.2700000,243.2700000,-1.2100000,12311.0000000,27701250.0000000,7387.0000000,6740765062.5000000
FUTSTKBHEL26-DEC-2024,244.8000000,243.3100000,249.7900000,242.7000000,248.6000000,248.6000000,1.5500000,25468.0000000,37390500.0000000,14244.0000000,9241654327.5000000
FUTSTKBSOFT26-DEC-2024,596.0500000,597.4500000,607.1000000,596.0500000,604.4500000,604.4500000,1.4000000,9472.0000000,6582000.0000000,6582.0000000,3967808700.0000000
FUTSTKOBEROIRLTY26-DEC-2024,1980.6000000,1985.2000000,1989.0000000,1931.1500000,1957.1000000,1957.1000000,-1.1800000,18276.0000000,3508050.0000000,10023.0000000,6855181777.5000000
FUTSTKASIANPAINT26-DEC-2024,2515.2500000,2515.3000000,2525.2500000,2489.6000000,2499.0000000,2499.0000000,-0.6400000,59158.0000000,3501600.0000000,17508.0000000,8750396630.0000000
FUTSTKMFSL28-NOV-2024,1175.6500000,1173.3500000,1202.0500000,1173.3500000,1188.6500000,1188.6500000,1.1000000,1128.0000000,1608000.0000000,2010.0000000,1917233480.0000000
FUTSTKJUBLFOOD28-NOV-2024,646.8500000,648.3500000,654.1000000,644.3500000,651.5500000,651.5500000,0.7200000,2621.0000000,6980000.0000000,5584.0000000,4524912437.5000000
FUTSTKGLENMARK26-DEC-2024,1525.0500000,1515.0500000,1533.4000000,1512.7000000,1528.1000000,1528.1000000,0.1900000,2584.0000000,1275275.0000000,1759.0000000,1942977343.7500000
FUTSTKTCS26-DEC-2024,4368.3000000,4374.9000000,4399.9000000,4351.2000000,4359.0500000,4359.0500000,-0.2100000,61614.0000000,3886925.0000000,22211.0000000,16998227128.7500000
FUTSTKABFRL28-NOV-2024,307.3000000,308.3000000,312.4000000,306.3500000,309.4500000,309.4500000,0.6900000,2560.0000000,6713200.0000000,2582.0000000,2079799800.0000000
FUTSTKBEL26-DEC-2024,299.8500000,301.6000000,309.3500000,299.4000000,308.6000000,308.6000000,2.9100000,34948.0000000,64204800.0000000,22528.0000000,19706251612.5000000
FUTSTKPIIND26-DEC-2024,4127.3000000,4148.0000000,4163.7000000,4088.2500000,4127.0500000,4127.0500000,0.0000000,8416.0000000,548625.0000000,4389.0000000,2269655575.0000000
FUTSTKM&MFIN26-DEC-2024,267.6500000,269.9500000,270.0000000,266.2000000,268.9500000,268.9500000,0.4800000,14841.0000000,14046000.0000000,7023.0000000,3768201600.0000000
FUTSTKOFSS26-DEC-2024,11810.7500000,11939.8500000,11989.0000000,11770.6000000,11883.0000000,11883.0000000,0.6100000,11014.0000000,282600.0000000,5652.0000000,3355991727.5000000
FUTSTKTRENT26-DEC-2024,6709.6000000,6709.6500000,6915.6500000,6675.0000000,6872.5500000,6872.5500000,2.4200000,31785.0000000,1697700.0000000,16977.0000000,11576651580.0000000
FUTSTKLAURUSLABS28-NOV-2024,545.6500000,543.8500000,554.1000000,542.4500000,544.1000000,544.1000000,-0.2800000,2599.0000000,7884600.0000000,4638.0000000,4315159385.0000000
FUTSTKHINDUNILVR26-DEC-2024,2494.7500000,2492.8000000,2505.6000000,2473.7500000,2500.4500000,2500.4500000,0.2200000,41347.0000000,5240100.0000000,17467.0000000,13045241310.0000000
FUTSTKWIPRO26-DEC-2024,591.3500000,593.0500000,598.5000000,585.8500000,586.9000000,586.9000000,-0.7500000,23234.0000000,16084500.0000000,10723.0000000,9498334200.0000000
FUTSTKLAURUSLABS26-DEC-2024,548.4000000,546.0500000,557.3000000,545.1000000,547.1000000,547.1000000,-0.2300000,11880.0000000,10949700.0000000,6441.0000000,6026807105.0000000
FUTSTKNAUKRI26-DEC-2024,8281.4500000,8263.3000000,8411.0000000,8263.3000000,8399.3000000,8399.3000000,1.4200000,15783.0000000,453975.0000000,6053.0000000,3795955496.2500000
FUTSTKSHRIRAMFIN26-DEC-2024,3057.3000000,3057.3500000,3078.3500000,3024.0500000,3035.0500000,3035.0500000,-0.7200000,45887.0000000,2775000.0000000,18500.0000000,8443238895.0000000
FUTSTKLTIM26-DEC-2024,6257.7000000,6210.0500000,6327.7000000,6210.0000000,6281.9000000,6281.9000000,0.3800000,13903.0000000,1248300.0000000,8322.0000000,7844414497.5000000
FUTSTKBIOCON26-DEC-2024,354.9000000,356.2500000,361.1000000,350.7500000,360.1000000,360.1000000,1.4600000,10371.0000000,15200000.0000000,6080.0000000,5417012375.0000000
FUTSTKMARICO28-NOV-2024,627.9500000,625.8500000,651.1000000,622.0500000,648.8500000,648.8500000,3.3200000,3028.0000000,9483600.0000000,7903.0000000,6058187160.0000000
FUTSTKM&MFIN28-NOV-2024,270.5500000,271.0500000,273.0000000,269.0000000,272.6000000,272.6000000,0.7500000,2059.0000000,13500000.0000000,6750.0000000,3669466100.0000000
FUTSTKGODREJPROP28-NOV-2024,2898.0000000,2899.4500000,2899.4500000,2799.3500000,2832.1000000,2832.1000000,-2.2700000,2830.0000000,1485225.0000000,6601.0000000,4198473348.7500000
FUTSTKMPHASIS28-NOV-2024,3003.0000000,2999.8000000,3043.9000000,2996.7500000,3018.3500000,3018.3500000,0.5100000,2959.0000000,1522675.0000000,5537.0000000,4599187518.7500000
FUTSTKULTRACEMCO26-DEC-2024,11194.5000000,11100.0500000,11260.0500000,11026.5000000,11216.0500000,11216.0500000,0.1900000,43618.0000000,1251900.0000000,25038.0000000,13953373402.5000000
FUTIDXBANKNIFTY27-NOV-2024,52218.7000000,52217.9500000,52465.0000000,52029.7500000,52305.2000000,52301.8000000,0.1500000,41700.0000000,1706640.0000000,113776.0000000,89231786910.0000000
FUTSTKFEDERALBNK26-DEC-2024,214.7900000,213.7100000,215.6000000,212.2900000,213.5200000,213.5200000,-0.5900000,12925.0000000,42945000.0000000,8589.0000000,9187017900.0000000
FUTSTKBHARATFORG26-DEC-2024,1330.6500000,1333.6500000,1340.9000000,1320.9000000,1333.5000000,1333.5000000,0.2100000,18501.0000000,3581500.0000000,7163.0000000,4767979925.0000000
FUTSTKIDEA26-DEC-2024,7.5500000,7.6700000,8.5200000,7.5500000,8.3800000,8.3800000,10.9900000,78702.0000000,1349160000.0000000,33729.0000000,10776010400.0000000
FUTSTKMGL26-DEC-2024,1184.5000000,1192.8500000,1192.8500000,1161.0000000,1186.4000000,1186.4000000,0.1600000,6890.0000000,1577200.0000000,3943.0000000,1857096820.0000000
FUTSTKTITAN26-DEC-2024,3345.8000000,3340.1000000,3344.5000000,3295.1000000,3312.9500000,3312.9500000,-0.9800000,39147.0000000,2336425.0000000,13351.0000000,7751370742.5000000
FUTSTKMETROPOLIS26-DEC-2024,2170.3000000,2186.2000000,2187.5000000,2149.0000000,2179.4000000,2179.4000000,0.4100000,2336.0000000,610400.0000000,1526.0000000,1322437960.0000000
FUTSTKLTTS26-DEC-2024,5523.3500000,5451.0500000,5530.8000000,5445.2500000,5456.5500000,5456.5500000,-1.2000000,6321.0000000,430800.0000000,4308.0000000,2360245360.0000000
FUTSTKINDUSTOWER26-DEC-2024,342.4000000,343.2000000,354.6000000,342.3500000,352.0500000,352.0500000,2.8100000,41644.0000000,32721600.0000000,19248.0000000,11415192385.0000000
FUTSTKPIDILITIND28-NOV-2024,3012.7500000,3007.1000000,3067.2500000,2987.4000000,3041.6500000,3041.6500000,0.9500000,1988.0000000,807500.0000000,3230.0000000,2452289587.5000000
FUTSTKTECHM26-DEC-2024,1753.9000000,1755.6000000,1778.4500000,1745.6500000,1763.8000000,1763.8000000,0.5600000,16682.0000000,4507200.0000000,7512.0000000,7963739430.0000000
FUTSTKIPCALAB28-NOV-2024,1566.9000000,1567.2000000,1574.5000000,1521.0500000,1528.7000000,1528.7000000,-2.4300000,893.0000000,1385800.0000000,2132.0000000,2134645727.5000000
FUTSTKACC28-NOV-2024,2119.8000000,2101.0500000,2233.0000000,2097.2000000,2211.0000000,2211.0000000,4.3000000,7543.0000000,2310000.0000000,7700.0000000,5016441915.0000000
FUTSTKPETRONET26-DEC-2024,331.0000000,333.3500000,333.3500000,325.7000000,329.3500000,329.3500000,-0.4900000,15309.0000000,9949500.0000000,6633.0000000,3262900800.0000000
FUTSTKPOLYCAB26-DEC-2024,6912.2000000,6957.9500000,7124.2500000,6874.6000000,7069.3500000,7069.3500000,2.2700000,14474.0000000,1303625.0000000,10429.0000000,9194367225.0000000
FUTSTKONGC26-DEC-2024,255.6500000,255.6500000,256.4000000,251.6000000,255.4500000,255.4500000,-0.0700000,45544.0000000,30449650.0000000,15818.0000000,7729566845.0000000
FUTSTKPVRINOX26-DEC-2024,1488.8000000,1490.0000000,1530.6500000,1472.1000000,1522.9500000,1522.9500000,2.2900000,8709.0000000,3435080.0000000,8440.0000000,5147869903.0000000
FUTSTKHEROMOTOCO28-NOV-2024,4843.6500000,4836.8000000,4897.0000000,4812.4500000,4876.1000000,4876.1000000,0.6600000,5647.0000000,1139850.0000000,7599.0000000,5541576450.0000000
FUTIDXMIDCPNIFTY30-DEC-2024,12636.5000000,12629.0000000,12715.3500000,12582.6500000,12699.4500000,12699.4500000,0.4900000,37492.0000000,363950.0000000,7279.0000000,4611326332.5000000
FUTSTKM&M26-DEC-2024,2998.7000000,3049.8500000,3080.0000000,2996.6500000,3019.4500000,3019.4500000,0.6900000,89150.0000000,7901250.0000000,45150.0000000,23933057295.0000000
FUTIDXNIFTYNXT5029-NOV-2024,69636.4000000,69525.0000000,70320.0000000,69499.9500000,70279.1000000,70279.1000000,0.9200000,701.0000000,4220.0000000,422.0000000,295511778.0000000
FUTSTKCOROMANDEL28-NOV-2024,1767.2000000,1761.6500000,1767.8000000,1747.3000000,1760.5500000,1760.5500000,-0.3700000,1000.0000000,813750.0000000,2325.0000000,1429955782.5000000
FUTSTKGUJGASLTD26-DEC-2024,476.2000000,474.0000000,476.8000000,466.0000000,475.1500000,475.1500000,-0.2200000,3867.0000000,2793750.0000000,2235.0000000,1322000250.0000000
FUTSTKFEDERALBNK28-NOV-2024,213.5800000,212.2800000,214.4300000,211.1000000,212.4300000,212.4300000,-0.5300000,2115.0000000,33705000.0000000,6741.0000000,7170807150.0000000
FUTSTKJUBLFOOD26-DEC-2024,647.7500000,649.0000000,655.9500000,645.6000000,654.8000000,654.8000000,1.0800000,10564.0000000,8100000.0000000,6480.0000000,5271323437.5000000
FUTSTKINDHOTEL28-NOV-2024,796.8500000,796.9000000,796.9500000,787.1500000,790.0000000,790.0000000,-0.8500000,3402.0000000,6820000.0000000,6820.0000000,5404695100.0000000
FUTSTKRBLBANK26-DEC-2024,158.7300000,158.7300000,160.2300000,157.3500000,159.0700000,159.0700000,0.2100000,21619.0000000,16085000.0000000,6434.0000000,2558391625.0000000
FUTSTKAPOLLOHOSP26-DEC-2024,7119.8500000,7065.3000000,7134.1000000,7011.1000000,7022.7000000,7022.7000000,-1.3600000,11670.0000000,693250.0000000,5546.0000000,4887256706.2500000
FUTSTKDABUR26-DEC-2024,528.5000000,526.9000000,530.9000000,523.5500000,529.7000000,529.7000000,0.2200000,11570.0000000,6000000.0000000,4800.0000000,3164939625.0000000
FUTSTKSYNGENE28-NOV-2024,911.0500000,914.5500000,931.0500000,908.0500000,917.4000000,917.4000000,0.6900000,1387.0000000,4341000.0000000,4341.0000000,3987582500.0000000
FUTSTKBHARTIARTL28-NOV-2024,1575.8500000,1568.5000000,1581.4500000,1555.6000000,1575.6000000,1575.6000000,-0.0100000,18788.0000000,11543450.0000000,24302.0000000,18095413752.5000000
